x,mean,ci_lower,ci_upper,group
12.0,1.1739833172037115,1.0612835547621287,1.280898007283506,random_diss
18.0,1.3122293092040114,1.2306050475953574,1.3986339673347497,random_diss
19.0,1.3386656584616572,1.2657525354597818,1.4078234043395825,random_diss
21.0,1.3580360199189823,1.284840014548423,1.4358244078579034,random_diss
22.0,1.3568910833377692,1.2833215843925665,1.437066708158417,random_diss
25.0,1.3883773173926004,1.315489925312321,1.452577501832526,random_diss
26.0,1.3666137113717178,1.3022379605735328,1.4250426027910743,random_diss
27.0,1.3548041098406327,1.2881680913260503,1.4156854286059,random_diss
28.0,1.3836763758266861,1.3116396951933595,1.4498949057645218,random_diss
32.0,1.3968994739833591,1.3150594002064337,1.4656247517715675,random_diss
33.0,1.385838251164283,1.3130701698178784,1.4482231127756815,random_diss
34.0,1.3782047761384646,1.3066448545490599,1.4372749459730363,random_diss
36.0,1.437652065249424,1.368078971015349,1.5064901489979403,random_diss
37.0,1.4100317818858594,1.3323289915624068,1.4894706692349253,random_diss
38.0,1.3987898464912443,1.3279870075317357,1.4706830062814353,random_diss
39.0,1.3945320870561506,1.325946947004229,1.4679448141150067,random_diss
40.0,1.3842467635128304,1.3135344121712247,1.4531738726978451,random_diss
41.0,1.368386915820726,1.299958880823348,1.4380401926684878,random_diss
42.0,1.362554741011943,1.2951357446868443,1.424856256649511,random_diss
43.0,1.3643708683763787,1.2965866967723236,1.43666111315795,random_diss
44.0,1.3516765198161704,1.2770007369802479,1.4183343200135903,random_diss
45.0,1.3395080621296676,1.2713852734040225,1.4080881686188835,random_diss
46.0,1.3345535697976705,1.266225675155637,1.3991418099140605,random_diss
47.0,1.3198499949917997,1.2540955093845454,1.3846041575158947,random_diss
48.0,1.3595873214123233,1.2982796460553019,1.417735392569381,random_diss
51.0,1.3401132481718003,1.281312492915846,1.3983606569434897,random_diss
52.0,1.3306180150711693,1.2695544288682463,1.3886327430020189,random_diss
54.0,1.364464965568017,1.3056316800582937,1.4221203145825576,random_diss
56.0,1.3520593755720962,1.2961911532046728,1.407793775256479,random_diss
60.0,1.3364117991834727,1.2817947833205436,1.388204508471949,random_diss
62.0,1.3523836643773117,1.2923449511544522,1.4034344545058484,random_diss
63.0,1.3441101812292984,1.287381755440386,1.3994046663100352,random_diss
66.0,1.3278577863389258,1.2709893203908909,1.3823694850301282,random_diss
67.0,1.330022714297781,1.2706741913396153,1.3819208767175692,random_diss
68.0,1.3195771436252766,1.2644099387159062,1.3709549255024354,random_diss
69.0,1.3102232599555952,1.255133436780781,1.3601389455859711,random_diss
73.0,1.2857873335413534,1.232499440172928,1.3335703798962375,random_diss
74.0,1.2812303763483126,1.2316088612837555,1.330916836711595,random_diss
75.0,1.2731320318946338,1.225351612672394,1.3185811826302007,random_diss
76.0,1.26586835715135,1.2202178124536025,1.3073607930865585,random_diss
78.0,1.258998368244407,1.2154135235458259,1.303797342529766,random_diss
79.0,1.253375898961751,1.2031829069651607,1.2998155148713029,random_diss
80.0,1.2561682153513718,1.2111430585884175,1.3033559590404118,random_diss
81.0,1.249364128601773,1.2022151734468662,1.2943510595880034,random_diss
82.0,1.2420048791321217,1.1972363518798965,1.2854826251337874,random_diss
83.0,1.2616370494415357,1.2148101037918904,1.297787043709181,random_diss
84.0,1.2570776617803001,1.2159180213251588,1.3016073715123864,random_diss
85.0,1.251021380671259,1.2090424686284862,1.2935812240697997,random_diss
86.0,1.2445759941626995,1.2010614573105711,1.2867449512959377,random_diss
91.0,1.217786286958449,1.1781239104530237,1.2566050466139373,random_diss
92.0,1.2134604491888823,1.1720645042587245,1.253406744891746,random_diss
93.0,1.207724859276591,1.1688849073100793,1.247049729760442,random_diss
95.0,1.198072797285918,1.1584545812550004,1.2350645079478926,random_diss
96.0,1.1934119864851116,1.1544515506949862,1.2300430838436034,random_diss
100.0,1.2091080339238665,1.1675856668318276,1.247912583456071,random_diss
104.0,1.1905603700232406,1.1539465165373135,1.2261771559200494,random_diss
105.0,1.1866026982328146,1.148044664226058,1.2240248127258526,random_diss
106.0,1.1831160596528951,1.1444712314091872,1.2191591652683618,random_diss
107.0,1.1792563180501097,1.1409167135211882,1.2157523336864888,random_diss
108.0,1.1760070589152396,1.1407596439780094,1.2140502081457352,random_diss
109.0,1.172294418883438,1.1370382390679847,1.205436132912323,random_diss
110.0,1.1850556790430984,1.1483143887119376,1.2209079279319086,random_diss
111.0,1.1802819395718025,1.1431466060117879,1.2150910025799926,random_diss
116.0,1.1601803174564391,1.1273644894611803,1.192375069384565,random_diss
117.0,1.156157321301839,1.1200796767875936,1.1893799416692532,random_diss
118.0,1.1520379566300976,1.1183907542320912,1.18763522685754,random_diss
120.0,1.1442803264200456,1.1109444976289695,1.1755804360933055,random_diss
122.0,1.1005127531403203,1.068915673351913,1.1292863091865704,random_diss
123.0,1.115885197290443,1.087663186260906,1.1469465983303202,random_diss
124.0,1.1210173121744027,1.093177751038984,1.149993483200527,random_diss
125.0,1.1405689720216756,1.1157931697626005,1.1664452312366302,random_diss
126.0,1.1410498483931142,1.1156911125470295,1.168236385746568,random_diss
127.0,1.1507371537973508,1.1230943378184362,1.1802474373991712,random_diss
128.0,1.15365764781409,1.1255700426809088,1.1848375807674474,random_diss
129.0,1.1532061476839874,1.1264604858920595,1.1819675223891237,random_diss
130.0,1.1556955032038372,1.1294984594234312,1.185494389546199,random_diss
131.0,1.1603906334256884,1.1282103253310671,1.1907587339336605,random_diss
132.0,1.1659124436910624,1.1352400366103388,1.1970334974472363,random_diss
135.0,1.1754081841215482,1.1436444516096618,1.209790330379827,random_diss
136.0,1.1748835590402433,1.1412996842267416,1.2113413719860575,random_diss
137.0,1.1753503812877462,1.14244647969559,1.207831333228095,random_diss
139.0,1.1645686584346415,1.1375430188079385,1.1957298203858748,random_diss
140.0,1.1641700228064646,1.135453373648467,1.1946465184018413,random_diss
144.0,1.1852230063106117,1.1599102399147565,1.2122100539823693,random_diss
145.0,1.1864377562635062,1.1610598018367038,1.2141887814920647,random_diss
148.0,1.196485288759288,1.1701576251423536,1.2211162526605484,random_diss
149.0,1.2048776355850601,1.181603616282452,1.230245812315782,random_diss
150.0,1.2131798212103748,1.1871512564928806,1.2389970596194637,random_diss
151.0,1.212814629228895,1.186851393411118,1.2383873053555852,random_diss
154.0,1.2197298352466066,1.1961977368919594,1.2448214657270866,random_diss
156.0,1.240713887900652,1.2177043024642722,1.2643983970472388,random_diss
157.0,1.2420160158684872,1.2186132783603831,1.2654269368726612,random_diss
158.0,1.2410601997607418,1.218943067188886,1.265138337199407,random_diss
159.0,1.2424786434772017,1.2177296021569963,1.2673529509271728,random_diss
161.0,1.248584761804072,1.2277526697339023,1.2694494158630842,random_diss
162.0,1.2543301183034083,1.2299908979845489,1.276083952788952,random_diss
163.0,1.2541735671804435,1.2285268008391976,1.2762074960835301,random_diss
164.0,1.2632735057018156,1.2406687548265054,1.2844340479306118,random_diss
165.0,1.2680169627090432,1.24421445472544,1.2910857614135445,random_diss
166.0,1.2713946715733184,1.2483258266804351,1.2938115905710141,random_diss
167.0,1.2738444141848455,1.250518752053487,1.2966373667269733,random_diss
168.0,1.2782446661216795,1.2526277904167336,1.3016091760918969,random_diss
169.0,1.2780218742099199,1.2526763069414926,1.3029797148457265,random_diss
170.0,1.2807194702520914,1.255152579977528,1.3033062032810299,random_diss
171.0,1.2814654499072327,1.2578318883158828,1.304798357591519,random_diss
174.0,1.2863687197237479,1.261749005586919,1.3099103493843562,random_diss
176.0,1.3138458051045463,1.2830225953330223,1.343953798274683,random_diss
178.0,1.32017868386799,1.2905469408224077,1.3500071865460264,random_diss
181.0,1.325955226431801,1.296126796897415,1.3589965376887558,random_diss
182.0,1.3273393287687352,1.294864515995203,1.3594365622565316,random_diss
188.0,1.3387144867075382,1.3054565090808679,1.3705144687042103,random_diss
189.0,1.3409745584843522,1.3064698107770838,1.3753703189028048,random_diss
191.0,1.344869463980229,1.3092497960276324,1.3810105733857327,random_diss
192.0,1.3450355980096032,1.3103456772874158,1.3803095309481954,random_diss
195.0,1.3459947536580954,1.312399711789921,1.3830365783412935,random_diss
196.0,1.3493651208615958,1.3152674765435544,1.3856143486946315,random_diss
197.0,1.3486378582853527,1.312433048592817,1.3863086357805965,random_diss
198.0,1.3488822442915034,1.3088702793694726,1.3880291587478581,random_diss
202.0,1.3526714568042906,1.3157701191631783,1.3911632378375536,random_diss
203.0,1.3558137906559022,1.3200511768185237,1.3913192037810629,random_diss
204.0,1.3574174158331815,1.3226969055013107,1.3930172051124916,random_diss
206.0,1.3594145920261524,1.3245642552399255,1.3988937287865744,random_diss
207.0,1.3595750398002349,1.3263766650982423,1.394135786880647,random_diss
208.0,1.3601904428288396,1.3244615018293004,1.3952053236089677,random_diss
209.0,1.3602194416996496,1.3218220929517115,1.3971853789118807,random_diss
210.0,1.368777263052681,1.3300388644119678,1.4068111959060505,random_diss
211.0,1.3732988842420788,1.3389078734298874,1.4133395925726113,random_diss
212.0,1.3736779601271287,1.3390636581485555,1.410418100217439,random_diss
213.0,1.3766818783587238,1.3383453689353648,1.4176861931327045,random_diss
214.0,1.377798377502573,1.3383854952137226,1.4167124427963251,random_diss
215.0,1.3772767582569023,1.3364215181036252,1.4149045830208504,random_diss
216.0,1.376833497130967,1.3410031112377228,1.4147936923002558,random_diss
217.0,1.3808546559260608,1.3448474185433485,1.4198172106212779,random_diss
218.0,1.3841849494792675,1.3432463583250622,1.4232331539094778,random_diss
221.0,1.3899635691451662,1.3518455522127968,1.4331102622308982,random_diss
222.0,1.3957008151713732,1.3602090196188639,1.4353359683475178,random_diss
224.0,1.4024042336303677,1.3642971819422736,1.4408313921124725,random_diss
226.0,1.4150306712004714,1.3820667892835592,1.4490198657082205,random_diss
230.0,1.419616924283448,1.3917754052292945,1.449413197389071,random_diss
232.0,1.4236120847117664,1.3936836687483494,1.4530988150437534,random_diss
233.0,1.4256247017672865,1.3954478246565,1.4560743529234428,random_diss
236.0,1.4329897491258239,1.4044782346607025,1.4627335422173275,random_diss
237.0,1.4359767044078173,1.4067293433844084,1.4652140220249328,random_diss
238.0,1.4364670249450435,1.4050628896689081,1.4664532692903474,random_diss
239.0,1.4364673976546838,1.406989647173337,1.4681244386110437,random_diss
243.0,1.4481993200001864,1.4193812328925226,1.4764111440861671,random_diss
244.0,1.4516233254970081,1.42284110867342,1.480124157352488,random_diss
245.0,1.453677369483827,1.4264046590306063,1.4824427949030774,random_diss
246.0,1.4544607698920387,1.425814920530642,1.4845023360161171,random_diss
248.0,1.454882158301331,1.4275285049307205,1.483231240268959,random_diss
249.0,1.4555410053563476,1.4291505738531,1.4836230603261655,random_diss
250.0,1.4569874989814764,1.4290684284455462,1.4846848779293185,random_diss
251.0,1.4583692263603307,1.4315516861396096,1.4846042244280393,random_diss
252.0,1.4593389094836455,1.4315610657351692,1.4892922695671025,random_diss
253.0,1.4617738779014884,1.4354951756129462,1.4883031906603337,random_diss
254.0,1.4661765138507508,1.441346515996752,1.4902881294337464,random_diss
255.0,1.4662365463424671,1.4431479909646883,1.4928917074550965,random_diss
256.0,1.4677438707228503,1.443560574415286,1.4939839219989681,random_diss
261.0,1.4790668053467708,1.4542064617393444,1.5054983909521051,random_diss
262.0,1.4803545364172044,1.4562028630110468,1.5063558200768312,random_diss
264.0,1.4838010100293497,1.4593012700908499,1.5058551391225699,random_diss
265.0,1.4858871389347341,1.4625049007345317,1.5104891651141612,random_diss
266.0,1.4868537343646202,1.4646719223703633,1.5103618979363105,random_diss
269.0,1.488833135377579,1.4666631332648705,1.5098781536461325,random_diss
270.0,1.4889941235375572,1.4683876216380065,1.512998328687229,random_diss
274.0,1.4929933922489416,1.4712969797390425,1.515466642840587,random_diss
275.0,1.494127103347674,1.4736365005997951,1.5167979521834964,random_diss
276.0,1.4954211002529063,1.4730486971179209,1.518775001264827,random_diss
277.0,1.4975395844928792,1.47660954699056,1.5198904621462694,random_diss
278.0,1.498400454895579,1.478343359752226,1.5208813016586618,random_diss
279.0,1.4987748233506024,1.4779796688262066,1.523041234035128,random_diss
280.0,1.503898529786548,1.4836613245784152,1.5239619521485586,random_diss
281.0,1.5031134609619854,1.4817900534333412,1.5246955170812688,random_diss
286.0,1.5087812516379127,1.4860366709335953,1.5326976284550466,random_diss
287.0,1.509819472441126,1.4880496977401552,1.531960048712368,random_diss
288.0,1.510488079043865,1.4889208429769227,1.5314019283853206,random_diss
290.0,1.5111517443531353,1.4906915719042613,1.5322176071078648,random_diss
292.0,1.512964252437937,1.4905442377497315,1.5341316109887666,random_diss
293.0,1.5133388439700663,1.4918726192400502,1.5348611584783896,random_diss
294.0,1.5135940205843545,1.492650424817912,1.5351146356339003,random_diss
295.0,1.5142871676276797,1.4932605863133603,1.536379439046551,random_diss
296.0,1.5156087137187624,1.4946072076349584,1.5391559302044788,random_diss
297.0,1.51631363324578,1.4956376144157242,1.5386095719932265,random_diss
298.0,1.5173801481181162,1.4941671655587834,1.5408731755287521,random_diss
299.0,1.518944210196346,1.498429790883408,1.5410162956137117,random_diss
300.0,1.517556090426562,1.4960254383897507,1.5410949936076734,random_diss
301.0,1.518869557913239,1.4977448130461024,1.5435580960971569,random_diss
302.0,1.534881931850598,1.512741183845771,1.5544812098666492,random_diss
305.0,1.538515225017595,1.5204017201921851,1.5565310492554076,random_diss
306.0,1.5397034919606445,1.5224563702938585,1.5592947015187968,random_diss
308.0,1.5438053309469757,1.5245397919114878,1.5630565401517842,random_diss
309.0,1.5443721397581809,1.5243194363466996,1.5626693038840267,random_diss
310.0,1.5556640695560868,1.5381894777724852,1.5748764099362775,random_diss
313.0,1.5596925881765749,1.5433010332403179,1.5782647504676086,random_diss
314.0,1.5581815855904284,1.5404935041694272,1.5763459907238144,random_diss
315.0,1.5615275593653064,1.5450953938749372,1.578316080984752,random_diss
318.0,1.5614548302507167,1.5442769030516812,1.5780034989074685,random_diss
319.0,1.5619863171213708,1.5432434407974474,1.5782394682108711,random_diss
320.0,1.5629145856461348,1.5447416093066477,1.58065172013951,random_diss
321.0,1.5629337025868475,1.545004910797475,1.580923064637636,random_diss
324.0,1.566236089297661,1.5489243235291184,1.5844378726180102,random_diss
326.0,1.5674322487538586,1.5508397594465426,1.5852564791272723,random_diss
327.0,1.5685497798089376,1.552311257482184,1.584026205105037,random_diss
328.0,1.569300045267866,1.552830452489594,1.5839308154208882,random_diss
330.0,1.5701123107682549,1.5544930909758203,1.5859288458620102,random_diss
331.0,1.5703055498621254,1.5558474518774907,1.5837287814480843,random_diss
332.0,1.5712191713734247,1.5566144254918108,1.586692659668136,random_diss
333.0,1.57186115648003,1.5561976702084808,1.586528512845862,random_diss
334.0,1.5724868277182198,1.556863281710089,1.5871840978565184,random_diss
335.0,1.5735707455514445,1.5576578215772239,1.5868442164367704,random_diss
336.0,1.5739271731333502,1.5593038006812618,1.5896216929312055,random_diss
337.0,1.5742158259125463,1.5592170627105164,1.589097467854564,random_diss
338.0,1.5730045680652502,1.5568852753887508,1.587270411313073,random_diss
339.0,1.5728343767171054,1.5576187571907527,1.5864527378104791,random_diss
344.0,1.5753801350887768,1.5601071713052188,1.5891888442785815,random_diss
345.0,1.5803125584990008,1.5651592867364348,1.5933665832999784,random_diss
16.0,0.17588747795389742,0.11306519247897032,0.2410805428387605,qsampled_diss
18.0,0.1646381188040566,0.1081112113370704,0.22169631602216341,qsampled_diss
19.0,0.1820154154016344,0.12013999529414428,0.23816712379967933,qsampled_diss
20.0,0.18949927838791777,0.1402114241565062,0.24069953224033666,qsampled_diss
25.0,0.22974545140612673,0.18271767751379245,0.2827227710481986,qsampled_diss
27.0,0.23388969534945653,0.18133997473169958,0.28996412457555903,qsampled_diss
28.0,0.2340261963872114,0.18516770838758947,0.2873610125681052,qsampled_diss
29.0,0.2177821627210475,0.17313338461829214,0.2596595790932071,qsampled_diss
33.0,0.2369371428588723,0.19061228338785943,0.2824816544849122,qsampled_diss
34.0,0.24736672313501695,0.19711496715828328,0.2920924008800054,qsampled_diss
36.0,0.2721485455496999,0.21963236746503406,0.3307166201151814,qsampled_diss
39.0,0.28832036170735276,0.23399411555030347,0.3434531300321428,qsampled_diss
41.0,0.30049176052199744,0.25166607712892497,0.35117285145706595,qsampled_diss
43.0,0.3097171758503726,0.26366676511645365,0.35845993781266955,qsampled_diss
44.0,0.313994306503209,0.271259056334407,0.3611695283235211,qsampled_diss
45.0,0.3164078147139702,0.2721408421380054,0.3596815045660555,qsampled_diss
46.0,0.32196781403252744,0.2822381472631886,0.3709518302830985,qsampled_diss
47.0,0.32412642535115144,0.27966897528281826,0.3707100183220674,qsampled_diss
48.0,0.3371632012981519,0.2910385902630362,0.3790880782339896,qsampled_diss
49.0,0.34712977865102085,0.2948651690058448,0.3947847823044908,qsampled_diss
50.0,0.35159446307269765,0.30904711283041353,0.39963760495708384,qsampled_diss
51.0,0.354456154620111,0.3058100940441009,0.4006437661491802,qsampled_diss
54.0,0.3566462557246306,0.3109883644656636,0.40776897350470204,qsampled_diss
57.0,0.3671812129771742,0.3195447230876218,0.4136699847574713,qsampled_diss
58.0,0.37078173188119523,0.32541956377059983,0.41770230270410785,qsampled_diss
60.0,0.37292270146835144,0.3300288414964743,0.4161688783796097,qsampled_diss
61.0,0.37391165670711385,0.32621394564377404,0.4199035252921561,qsampled_diss
66.0,0.39674210984275743,0.3530824208629313,0.4406031136831412,qsampled_diss
67.0,0.4040402032766326,0.3611289578173208,0.44613411760829985,qsampled_diss
68.0,0.40633526976069534,0.36651748408226065,0.4468962757611572,qsampled_diss
71.0,0.41205998743898603,0.37457773018575036,0.454914452173901,qsampled_diss
72.0,0.41110865455468737,0.36954974143098557,0.4510297771680126,qsampled_diss
73.0,0.41315225577177017,0.37486262282926947,0.45326408967392634,qsampled_diss
79.0,0.424336673349373,0.3878083390304328,0.46086660393859785,qsampled_diss
80.0,0.4269990011782263,0.392461992700776,0.46376817216696187,qsampled_diss
81.0,0.4286796120970139,0.3937637360468447,0.4631297111778674,qsampled_diss
82.0,0.42659416755405594,0.38998634473564486,0.4594059997029418,qsampled_diss
83.0,0.4307144570393865,0.3984660122660897,0.4669486473879614,qsampled_diss
84.0,0.43177839491681425,0.39528324919092356,0.46652805391406277,qsampled_diss
85.0,0.4338684554222674,0.39981526748017676,0.4698317656298455,qsampled_diss
86.0,0.4348935263383392,0.3994857095502683,0.4702860810140473,qsampled_diss
87.0,0.43581287336332314,0.4010929777254799,0.4687302626106934,qsampled_diss
88.0,0.43683218540108315,0.4026785276303991,0.4710173351672781,qsampled_diss
89.0,0.4383668667759292,0.40071949342886143,0.47205539435813804,qsampled_diss
90.0,0.4398925712663198,0.4077610426838521,0.4749495666612222,qsampled_diss
93.0,0.4483951896353851,0.41742059721831204,0.4804448554733851,qsampled_diss
94.0,0.45049664766539477,0.41978885463887544,0.4801421408032363,qsampled_diss
96.0,0.45422347086652437,0.4217267939326191,0.4876365072909608,qsampled_diss
98.0,0.4608996299912687,0.4297025447902914,0.49062778294286186,qsampled_diss
99.0,0.464408666693317,0.4314504140805869,0.4987273836017777,qsampled_diss
104.0,0.47272865393824903,0.44216956404056085,0.5090757210559571,qsampled_diss
106.0,0.474867617915905,0.4448440571921577,0.5074271135921,qsampled_diss
107.0,0.47740140012251625,0.44594251935771373,0.5114955930352263,qsampled_diss
108.0,0.4791984556873555,0.4494527796562507,0.5119853268069762,qsampled_diss
109.0,0.48059657781296766,0.4491401517226993,0.5153670550111844,qsampled_diss
110.0,0.4753394781592342,0.4454003204146618,0.5058474212803716,qsampled_diss
111.0,0.47674162493028593,0.44328181178224085,0.5092023967195103,qsampled_diss
112.0,0.4745531538194241,0.4395850230976042,0.5053008492722568,qsampled_diss
113.0,0.47634015075719194,0.4401677123134872,0.5072093635717283,qsampled_diss
114.0,0.4783720853466277,0.4450281774737165,0.5085824358275588,qsampled_diss
115.0,0.4802602470033028,0.4478874005242223,0.5141221890155002,qsampled_diss
116.0,0.48680875679665786,0.4540757272847755,0.5187473767009967,qsampled_diss
119.0,0.48994348753390754,0.4617203125193962,0.5212191884570763,qsampled_diss
122.0,0.49197703475820864,0.4594402893613572,0.5245434061284469,qsampled_diss
123.0,0.493666728309958,0.4585048521391931,0.5246708744994102,qsampled_diss
124.0,0.4958010307270258,0.46449594535429184,0.5258180677970438,qsampled_diss
126.0,0.49915327647024765,0.46750907797397945,0.5307012514919442,qsampled_diss
127.0,0.5043097996402472,0.4731313228078415,0.5384492874897405,qsampled_diss
128.0,0.5064540741224212,0.47400584000672485,0.5381575511618264,qsampled_diss
129.0,0.5094561661865676,0.47979105682265405,0.5404368584942525,qsampled_diss
130.0,0.5134190629451779,0.4829841198333147,0.5440754539800833,qsampled_diss
131.0,0.5186519858604598,0.48992253658298,0.5466415272212604,qsampled_diss
132.0,0.52114898211915,0.49238548814732375,0.5511480123666884,qsampled_diss
133.0,0.5238573113631492,0.49694545925814887,0.552803365467199,qsampled_diss
134.0,0.5271918536859009,0.49564206625773605,0.5541371691914673,qsampled_diss
135.0,0.5308149869375116,0.5015074251895811,0.5582950043144832,qsampled_diss
138.0,0.5308221222680922,0.5040230185599835,0.5556985902704075,qsampled_diss
140.0,0.5385830608556024,0.5128941241618727,0.565677692235381,qsampled_diss
142.0,0.5463787754672722,0.5200135002052436,0.5719126930961959,qsampled_diss
143.0,0.5475625194081413,0.5229941278400352,0.5710776945595333,qsampled_diss
148.0,0.5581577894130615,0.533693941886758,0.5817781976779486,qsampled_diss
149.0,0.5639859729145347,0.5429407461832647,0.5849856679645129,qsampled_diss
150.0,0.568515624141537,0.5440275116373694,0.5904285359844585,qsampled_diss
153.0,0.5749409199136674,0.553623785959774,0.5957921578000216,qsampled_diss
154.0,0.5784680904135475,0.5582692613998208,0.5982056963018364,qsampled_diss
155.0,0.5820456529899143,0.5618260409577135,0.6025608856608855,qsampled_diss
156.0,0.5853779003537812,0.5636228892690206,0.6071209149134795,qsampled_diss
158.0,0.5898103229540904,0.5683824642983087,0.6089308554123057,qsampled_diss
162.0,0.5993754204177852,0.5800151108031447,0.6180273281823587,qsampled_diss
164.0,0.6057260132166029,0.5868409006896681,0.6254588057195923,qsampled_diss
165.0,0.6104672670878538,0.5907199901296283,0.6309870860744714,qsampled_diss
166.0,0.6122422965701424,0.5929688699222453,0.6313624442718708,qsampled_diss
167.0,0.6168754234933886,0.5963735501225457,0.6363939841113901,qsampled_diss
168.0,0.6175648542970451,0.5977387174693474,0.6347110913619675,qsampled_diss
169.0,0.6160941194975962,0.5959087813286326,0.6358546490620658,qsampled_diss
170.0,0.6195974315351285,0.6005899861189422,0.6384296335856824,qsampled_diss
171.0,0.6227401475547393,0.605571169475378,0.6401449903660508,qsampled_diss
174.0,0.6295374373093672,0.6130785387216797,0.6468199033638398,qsampled_diss
175.0,0.6356031778810338,0.617040024559523,0.6554413388705673,qsampled_diss
177.0,0.6512486487659096,0.6306171326140949,0.6720101346666715,qsampled_diss
178.0,0.6519631311043836,0.6296922459969481,0.6720988556602561,qsampled_diss
180.0,0.6546429605868197,0.6336176196369144,0.6745106364194301,qsampled_diss
185.0,0.6644856428393374,0.6428978926718846,0.6834835069771793,qsampled_diss
188.0,0.6743847826853355,0.6545756998527082,0.6941259126424674,qsampled_diss
189.0,0.6775997435415004,0.658034777812756,0.696245674687629,qsampled_diss
194.0,0.6888172003885723,0.6680861028322166,0.7100385132788843,qsampled_diss
196.0,0.6951062350060544,0.6769142436434592,0.7145022228744126,qsampled_diss
197.0,0.6970344288591905,0.677774412366329,0.7159698376639334,qsampled_diss
198.0,0.7007935488406136,0.6804261381328836,0.7214303155028291,qsampled_diss
202.0,0.710868431133368,0.6897347561496378,0.7304770488038089,qsampled_diss
203.0,0.7141156196090194,0.6924371195322995,0.7351896173501732,qsampled_diss
205.0,0.7211587677501626,0.6993205559041881,0.7416171909934539,qsampled_diss
208.0,0.7261940512890163,0.7057688135415803,0.7474018557780344,qsampled_diss
210.0,0.7367060400592733,0.7162470789187829,0.7560420716123943,qsampled_diss
212.0,0.7440109148013704,0.7255533922124924,0.7626458028490055,qsampled_diss
213.0,0.7474581170736176,0.7307049318721578,0.7669941899637421,qsampled_diss
214.0,0.749740699425735,0.7314108939189087,0.7688619480820745,qsampled_diss
215.0,0.7512912368387681,0.7311388049600006,0.7697739295127818,qsampled_diss
216.0,0.7523258238718109,0.7337419086330363,0.771880535376273,qsampled_diss
217.0,0.7575754192583803,0.7366364720455573,0.7780181766726616,qsampled_diss
218.0,0.7598738676431601,0.7398109127077758,0.7801611008595642,qsampled_diss
219.0,0.7625323402814652,0.7434622919162769,0.7815870575675392,qsampled_diss
220.0,0.7654516871594651,0.747142402033691,0.7843856456215125,qsampled_diss
223.0,0.7742721972120667,0.7558528912935587,0.7928885387811391,qsampled_diss
227.0,0.7907022299549038,0.7705074232622895,0.8105425862025573,qsampled_diss
228.0,0.7940119092435672,0.773194563949727,0.8147048606402865,qsampled_diss
229.0,0.7952448733450204,0.7761357903488915,0.8156031069723811,qsampled_diss
230.0,0.7991306624818694,0.7799368006432229,0.8193346571749281,qsampled_diss
235.0,0.8144079519995051,0.7961313601277281,0.8354596872673331,qsampled_diss
236.0,0.8172220748329634,0.7975565130830415,0.8372812988967907,qsampled_diss
237.0,0.8206051846352155,0.8006358966886511,0.8403045755864196,qsampled_diss
240.0,0.8291870130197758,0.810853665816989,0.8486605138729862,qsampled_diss
241.0,0.8333747165060184,0.8146194330180209,0.8519138012758342,qsampled_diss
242.0,0.8362399576949441,0.8179262292716366,0.8537903811915275,qsampled_diss
248.0,0.8527120110625386,0.8354895142221107,0.8707438831731069,qsampled_diss
250.0,0.85713596827413,0.8392063554092404,0.8774624473384307,qsampled_diss
252.0,0.8606035686584367,0.8439077848872794,0.8797200705401067,qsampled_diss
253.0,0.8634167412903417,0.8468948842249292,0.8818278983986929,qsampled_diss
254.0,0.8692608130476158,0.8513451274287758,0.8861583822335509,qsampled_diss
255.0,0.8728939713730546,0.854115721027303,0.8912633861744956,qsampled_diss
256.0,0.8734577235383,0.855135776683373,0.8932159140687914,qsampled_diss
257.0,0.8756391363005498,0.8572801192080355,0.8943152843399904,qsampled_diss
258.0,0.8780296940842727,0.860352261539411,0.8990115125674696,qsampled_diss
259.0,0.8795854155768584,0.8623897139514938,0.8969682538305177,qsampled_diss
260.0,0.8817668749680097,0.8632412473398329,0.900015724099745,qsampled_diss
261.0,0.8876573119948805,0.8697514877691657,0.904713202822389,qsampled_diss
264.0,0.8951761358546257,0.8784038225123848,0.9132198014341664,qsampled_diss
265.0,0.8974259474547146,0.8800589594888818,0.9152638221314302,qsampled_diss
266.0,0.8993759384536727,0.8818172982806964,0.9183113323897648,qsampled_diss
267.0,0.9003175592259522,0.8833556323982251,0.9177193501805592,qsampled_diss
268.0,0.9032729908565929,0.886335438719862,0.9211081308085388,qsampled_diss
269.0,0.9066735887322264,0.8907805837744467,0.9247749367525805,qsampled_diss
274.0,0.910655304481863,0.8951658432532374,0.9249444647962636,qsampled_diss
276.0,0.915071877408538,0.8986055310759242,0.9310762698530342,qsampled_diss
277.0,0.9171026898676203,0.9008890542682709,0.9347822627269987,qsampled_diss
278.0,0.9191626295571723,0.9025636037394009,0.935129833876774,qsampled_diss
279.0,0.919574081475057,0.9028786296661058,0.9357381255394738,qsampled_diss
280.0,0.9229518070904531,0.9058620982768177,0.9386907785466494,qsampled_diss
281.0,0.9273380629186843,0.9099552828236083,0.9462390698447596,qsampled_diss
282.0,0.9292327271628527,0.9121836713485729,0.947730149875061,qsampled_diss
283.0,0.9303325005447924,0.9113990405779442,0.9482390507455049,qsampled_diss
284.0,0.9345276925895307,0.9170859172188119,0.9515618787910577,qsampled_diss
285.0,0.9355680584784742,0.918324448373466,0.9523297068882893,qsampled_diss
286.0,0.9381011266792999,0.9205749287375534,0.9557146591878448,qsampled_diss
289.0,0.9431760070050703,0.9256967206326869,0.9617398400364726,qsampled_diss
292.0,0.9481695224886252,0.9315767489110454,0.9657154515536335,qsampled_diss
293.0,0.9502691944652943,0.9340621185154115,0.9680639482208212,qsampled_diss
294.0,0.9529604368865628,0.9343603183840573,0.9711023205451544,qsampled_diss
296.0,0.9559749125044048,0.9367469242481875,0.9726703270218312,qsampled_diss
297.0,0.9569964681562226,0.9389114884765563,0.9747415959997988,qsampled_diss
298.0,0.9575806386028614,0.9396963509155561,0.9734396692008059,qsampled_diss
299.0,0.9605878518151251,0.941605289280124,0.9782256443621303,qsampled_diss
300.0,0.9616260649010535,0.9441411290003331,0.9793666977703576,qsampled_diss
301.0,0.9631321118790892,0.9463444595749276,0.9819800831704835,qsampled_diss
302.0,0.9616980443848696,0.943413955609913,0.979922359393206,qsampled_diss
303.0,0.9637944325049205,0.9457724309362066,0.9822383841883274,qsampled_diss
304.0,0.9651341700936538,0.9473038773648947,0.9811692789613405,qsampled_diss
305.0,0.9667214235636822,0.9475274016635692,0.9841857292598633,qsampled_diss
308.0,0.9721090657042006,0.9553961428873055,0.9891184357026895,qsampled_diss
310.0,0.98416739949244,0.9646456321236889,1.0035724993907442,qsampled_diss
312.0,0.9874381473168043,0.9688784106600954,1.0079961382259603,qsampled_diss
313.0,0.9890988400598213,0.969997074881459,1.0082045503755264,qsampled_diss
318.0,0.9958188143665925,0.9779378345709324,1.014451073673807,qsampled_diss
319.0,0.9973246745948148,0.9795152735601438,1.0157194524170408,qsampled_diss
320.0,0.9998450577556737,0.9824159725651831,1.0184179580413104,qsampled_diss
323.0,1.0038506641220342,0.9877249211826621,1.0212001563336097,qsampled_diss
324.0,1.0052241702082936,0.9888863773178667,1.0237617986961765,qsampled_diss
325.0,1.0069377452550259,0.9905989333893848,1.0242718866702916,qsampled_diss
326.0,1.0087874395622658,0.9919795983935278,1.0255548759657471,qsampled_diss
328.0,1.0132129281244835,0.9957212189233435,1.0292051626222627,qsampled_diss
332.0,1.019814710050949,1.0034923643892173,1.0350272861597243,qsampled_diss
334.0,1.025038923268652,1.010022489613471,1.0402200625414186,qsampled_diss
335.0,1.0268599766738429,1.013510372194267,1.042392325042277,qsampled_diss
336.0,1.0290097261819875,1.0134666976110995,1.043416579119451,qsampled_diss
337.0,1.030631481017964,1.0153258160236203,1.044955973402837,qsampled_diss
338.0,1.0299705866260438,1.0144717380668302,1.0446075318666526,qsampled_diss
339.0,1.0309533580716927,1.0166176873600197,1.046112639985727,qsampled_diss
340.0,1.0327604604971268,1.0156933667533135,1.0472824358776114,qsampled_diss
341.0,1.0328622321971026,1.0166787173062302,1.0498810940676406,qsampled_diss
344.0,1.0382290605276252,1.0220005226670117,1.0545916987527746,qsampled_diss
345.0,1.0385751526806377,1.023681475077925,1.0525410036728313,qsampled_diss
12.0,0.17130758876254304,0.0901138476594554,0.2719991581463511,m2_diss
18.0,0.19009431764544168,0.13092500407237367,0.2522748853931134,m2_diss
19.0,0.1657462207064242,0.10739514260877446,0.23260262117689423,m2_diss
21.0,0.17514923741847244,0.12237222999156676,0.22646146240428672,m2_diss
22.0,0.18174888705871978,0.1299962987661335,0.23869608228940198,m2_diss
25.0,0.24320675856893265,0.20002770988163088,0.2824172233050635,m2_diss
26.0,0.3114780548806958,0.2699228010441517,0.3533207851491557,m2_diss
27.0,0.3089481849194124,0.26773033765881094,0.3507218949147276,m2_diss
28.0,0.34578718720277796,0.2835357935500058,0.40332813295800174,m2_diss
32.0,0.41267330324604073,0.35194851239806363,0.4699703686395882,m2_diss
33.0,0.41045389449688974,0.35495360833631323,0.4634246975617096,m2_diss
34.0,0.41576439335571785,0.3613707315422868,0.4718598049182786,m2_diss
36.0,0.41945388691747343,0.36082234559186654,0.47118789572302494,m2_diss
37.0,0.4227350739626682,0.3697929462338552,0.4745336587839819,m2_diss
38.0,0.4186149250505843,0.36604848796217343,0.4706134952377634,m2_diss
39.0,0.41872533244983645,0.36604177956054795,0.465979622814619,m2_diss
40.0,0.42476142669500677,0.3749971294038674,0.47884066765307337,m2_diss
41.0,0.4247787501191887,0.3775272112433693,0.4775866369989602,m2_diss
42.0,0.43208325909745204,0.38466314555703157,0.48007716001864875,m2_diss
43.0,0.4318966367186047,0.38473879596946214,0.48094825651774187,m2_diss
44.0,0.43172605643367934,0.38817818672522103,0.4801033062165431,m2_diss
45.0,0.4349489764428321,0.3935605563758181,0.4761747160269631,m2_diss
46.0,0.43960041059879984,0.3983513998750321,0.48044773201302365,m2_diss
47.0,0.44091563479911217,0.39864810123407257,0.4855229827400089,m2_diss
48.0,0.440394110671543,0.3987055802198395,0.48331606545502115,m2_diss
51.0,0.4647258647686091,0.42485510665990034,0.5059195160377957,m2_diss
52.0,0.4627982115695901,0.42373341363587513,0.5029493932163316,m2_diss
54.0,0.4780052818520851,0.44123071752642795,0.5153780372702864,m2_diss
56.0,0.47567994607718617,0.43671768651443577,0.5110668352962536,m2_diss
60.0,0.48835425005817595,0.4481439062950545,0.5298927046523455,m2_diss
62.0,0.4884766468511872,0.44917059106378693,0.5293474547019253,m2_diss
63.0,0.48639195285472103,0.4497817603279934,0.5259724960481602,m2_diss
66.0,0.4904652026428086,0.45617347973010625,0.5255961115383498,m2_diss
67.0,0.4914779772238731,0.4588767038906877,0.5253013606433211,m2_diss
68.0,0.49415407613114903,0.46328534064803284,0.5272507666709765,m2_diss
69.0,0.49671591162413825,0.46506311129313843,0.5291104459858169,m2_diss
73.0,0.5158907918988754,0.48458217160114997,0.5470604676743718,m2_diss
74.0,0.5128422425934401,0.4827750688691849,0.5476125163239807,m2_diss
75.0,0.5098740700165549,0.4783423896623056,0.5409718768237987,m2_diss
76.0,0.5091892497504782,0.47696968315026395,0.5423713536379652,m2_diss
78.0,0.5124394115682485,0.48371724369912705,0.5414045576953895,m2_diss
79.0,0.5191898549600461,0.4886994967622964,0.5513691871640143,m2_diss
80.0,0.5306838812775055,0.4967001904448626,0.5647153990806685,m2_diss
81.0,0.5333912850428091,0.5020163773560413,0.5685840749905376,m2_diss
82.0,0.5309760284252343,0.49610655748855526,0.5657193587840246,m2_diss
83.0,0.5487552932218224,0.5176635765241137,0.5823491422969322,m2_diss
84.0,0.549490223232033,0.5178567858184476,0.5804529650284478,m2_diss
85.0,0.550734571897707,0.5176175706202164,0.5820593165988279,m2_diss
86.0,0.5519382355384652,0.518547368735528,0.5841393514267536,m2_diss
91.0,0.554454885722212,0.5224055441243217,0.5847797195281748,m2_diss
92.0,0.5562117585905482,0.526802736657398,0.5865858046456736,m2_diss
93.0,0.5619947226512834,0.5318218770836431,0.5912785107555248,m2_diss
95.0,0.5587274598469838,0.5309367769946416,0.5880230962854894,m2_diss
96.0,0.5571444494547145,0.5284760328507838,0.5884900090890381,m2_diss
100.0,0.5741119711624625,0.5442818248418277,0.6029909488572109,m2_diss
104.0,0.5804427568058204,0.5485412068898726,0.6091317287452926,m2_diss
105.0,0.581815524121035,0.5509477652408988,0.6113720530470759,m2_diss
106.0,0.5818146222071542,0.5505815183968572,0.6104728226821197,m2_diss
107.0,0.5822097613917473,0.5515830758323771,0.6135742407730563,m2_diss
108.0,0.5839461876085941,0.5559212385113644,0.6139077062899757,m2_diss
109.0,0.5855128993114305,0.5574865332850415,0.6148743121534209,m2_diss
110.0,0.5843547004145545,0.5545763515262143,0.6158775412949066,m2_diss
111.0,0.5851634307731215,0.5548820333989045,0.6176864978929585,m2_diss
116.0,0.5946612331442229,0.5639762036570322,0.6224856340819699,m2_diss
117.0,0.5955669789692017,0.5667632522512039,0.6245709691201241,m2_diss
118.0,0.5947402005509919,0.5679497490131558,0.6219062331819359,m2_diss
120.0,0.5963228187292275,0.5681833672646445,0.6212420817062421,m2_diss
122.0,0.5780019642447607,0.5514683293352781,0.6071806039718534,m2_diss
123.0,0.5801691405555299,0.5531276042480715,0.6081692927405623,m2_diss
124.0,0.5816081477231672,0.5541957176885367,0.6077978186681947,m2_diss
125.0,0.584169660546256,0.5564815928192021,0.6127038225603963,m2_diss
126.0,0.5864226314946469,0.5568630386817321,0.6136239441046327,m2_diss
127.0,0.592456762620061,0.5610081024071747,0.6220932585234019,m2_diss
128.0,0.5956514377958666,0.5659391612646435,0.6272678025695075,m2_diss
129.0,0.5997602520838964,0.5682853574220511,0.6292886148399764,m2_diss
130.0,0.6033292286602664,0.5756217668821838,0.6341619973589939,m2_diss
131.0,0.6144280057332501,0.5870464251208486,0.6424338129480971,m2_diss
132.0,0.6187437147513004,0.5894928948485106,0.64815014960907,m2_diss
135.0,0.6317950141698514,0.6008807303328322,0.6593059426019603,m2_diss
136.0,0.6311247536343254,0.601880212020458,0.6584755242913336,m2_diss
137.0,0.6328786297666591,0.602877893817713,0.6603352745157212,m2_diss
139.0,0.6337866637333167,0.6057909669951904,0.6636344586208467,m2_diss
140.0,0.636993867642296,0.6092880420998378,0.6652808022432332,m2_diss
144.0,0.641219995707768,0.612655538644467,0.6679290690662818,m2_diss
145.0,0.6445099458257639,0.6156342082128747,0.6718816279384745,m2_diss
148.0,0.6453008051347054,0.6197599662405444,0.6720152134482215,m2_diss
149.0,0.6581084329870228,0.6329290817203074,0.6820443515553395,m2_diss
150.0,0.6611987029816861,0.6374634476310512,0.6860222474257642,m2_diss
151.0,0.664094878979469,0.6411958303618686,0.6879044489786198,m2_diss
154.0,0.6800629206524731,0.6595688538807825,0.7022688865297805,m2_diss
156.0,0.6881736849686735,0.6676005857519085,0.7088600202856544,m2_diss
157.0,0.6913080346328837,0.6707751487342124,0.7121688466643256,m2_diss
158.0,0.6939480855092274,0.675463872677892,0.7134234954818643,m2_diss
159.0,0.6972921466148552,0.6775521272283626,0.7179184915568315,m2_diss
161.0,0.7073457913537629,0.6871579922992478,0.7301607051990292,m2_diss
162.0,0.7116498300322351,0.6912912656384933,0.7331723719159607,m2_diss
163.0,0.7146626405341135,0.6953481160742874,0.7360160785688762,m2_diss
164.0,0.7217908338526164,0.701800751745402,0.7423025536476663,m2_diss
165.0,0.7257596026525845,0.7057038939752361,0.7472224291952836,m2_diss
166.0,0.7322220083630996,0.7133450404839443,0.752183026963176,m2_diss
167.0,0.7358320987725493,0.7177141535885582,0.7528917101883191,m2_diss
168.0,0.7408354513676596,0.7210073759930844,0.7623986569989797,m2_diss
169.0,0.7385121638533574,0.718241140967665,0.7589017650196535,m2_diss
170.0,0.7423857191394222,0.7217796707614237,0.7662804513979357,m2_diss
171.0,0.7438510379771933,0.7241417505793415,0.7655684841307471,m2_diss
174.0,0.7520184119308125,0.7305272755299971,0.775916419939213,m2_diss
176.0,0.7813585602562012,0.759623847186346,0.8033742981257661,m2_diss
178.0,0.7845233087264643,0.761589222761281,0.8064089147943989,m2_diss
181.0,0.7929603497253179,0.7704703138890778,0.8173663927336354,m2_diss
182.0,0.7971469465070135,0.7743794610687107,0.8213265919477869,m2_diss
188.0,0.8134009124785283,0.7872855911728303,0.8396191083806238,m2_diss
189.0,0.8181544899963175,0.7935049287976401,0.843332144871083,m2_diss
191.0,0.8232419607891567,0.7986360694599788,0.8488480149205674,m2_diss
192.0,0.826990887384676,0.8024419429652495,0.8516551046584353,m2_diss
195.0,0.8402264511965163,0.8179771236742627,0.8634456671349071,m2_diss
196.0,0.8428285367888158,0.8206115265671944,0.8659209262532395,m2_diss
197.0,0.843615045624384,0.8217950356794729,0.8664641297048272,m2_diss
198.0,0.8470367519491706,0.8254713053839028,0.8680322882996037,m2_diss
202.0,0.8593932173656083,0.8365804044009706,0.8829762014187997,m2_diss
203.0,0.8609246472946983,0.8397408117155613,0.8852668576635865,m2_diss
204.0,0.8635498450603981,0.8424393402940327,0.8857806767644857,m2_diss
206.0,0.867946968975805,0.8447984163618131,0.8911537737272311,m2_diss
207.0,0.8700507301092324,0.847701360574362,0.8922277660009522,m2_diss
208.0,0.8696655669801926,0.8481627001247242,0.8908248272580394,m2_diss
209.0,0.8727770210370694,0.8499766660665367,0.895724390916888,m2_diss
210.0,0.878177389463171,0.8569447948786658,0.9005284364885746,m2_diss
211.0,0.8819335135058323,0.859675714196803,0.9047562015337723,m2_diss
212.0,0.8853878076655544,0.8630322596489011,0.9076959274156732,m2_diss
213.0,0.8893918766848949,0.868740176401857,0.9127306670487766,m2_diss
214.0,0.8913349094906045,0.8697047558365579,0.912090530955498,m2_diss
215.0,0.8919129533801842,0.871422696797051,0.9136818379912113,m2_diss
216.0,0.8925442180113157,0.8693029860468826,0.9160513218565821,m2_diss
217.0,0.8958294239860779,0.872018209371974,0.9191677076504451,m2_diss
218.0,0.9000050508904568,0.8774377613788213,0.923123739460093,m2_diss
221.0,0.9113882513643936,0.8886041389012589,0.9346330201535925,m2_diss
222.0,0.9143625121206439,0.8917929777041591,0.9372270837942102,m2_diss
224.0,0.9171420596559372,0.8938680116066923,0.9413043845721925,m2_diss
226.0,0.9285325251335133,0.9063378637006343,0.9503231853020797,m2_diss
230.0,0.9402711574470715,0.9172086530820627,0.9668731077002638,m2_diss
232.0,0.9436690651648091,0.9211549709802458,0.9676113974154582,m2_diss
233.0,0.9469499341832336,0.9233824065905262,0.9698577833862901,m2_diss
236.0,0.9538476318503399,0.9317730678949468,0.9778190204938527,m2_diss
237.0,0.9576672352577391,0.9345359117117307,0.9835397323223771,m2_diss
238.0,0.9612771622467546,0.9371789801085697,0.9860110959386047,m2_diss
239.0,0.9615364626053351,0.938106219176801,0.9867846953995535,m2_diss
243.0,0.9763246887878131,0.9508362390618575,1.003212621815079,m2_diss
244.0,0.9782165474913376,0.9522065070161427,1.0042036641854644,m2_diss
245.0,0.9801551673247744,0.9528002037792184,1.0084106627715976,m2_diss
246.0,0.9826502413648959,0.9576741387546502,1.010179984675945,m2_diss
248.0,0.9853067299696692,0.9565563033163027,1.0118349557082065,m2_diss
249.0,0.9873285823239459,0.9625852188216535,1.014587573239119,m2_diss
250.0,0.9918054881005929,0.9629110651500897,1.0181314441622569,m2_diss
251.0,0.9937978654914021,0.969007642225455,1.0207237992978935,m2_diss
252.0,0.9960832967870017,0.9712881663325047,1.0229156562917585,m2_diss
253.0,0.9981599966123117,0.9709352297741349,1.0238569067674543,m2_diss
254.0,1.0039400276269417,0.979244423720217,1.0299464484213996,m2_diss
255.0,1.0070969709174709,0.9800710567948182,1.0333292046442055,m2_diss
256.0,1.0093179760945228,0.9836861031341569,1.0344413320201358,m2_diss
261.0,1.0194051620859845,0.9943734141126872,1.0431143290363964,m2_diss
262.0,1.0214146380228781,0.9943324996626125,1.0447693937101004,m2_diss
264.0,1.0266626396193772,1.0028910556740032,1.052314404699633,m2_diss
265.0,1.0281724051562935,1.00214315566063,1.0535839411646946,m2_diss
266.0,1.0294368468004205,1.0059212495663583,1.0563037807387279,m2_diss
269.0,1.0344330907363204,1.0096001810716961,1.0593940190527094,m2_diss
270.0,1.035552694029285,1.0111680619633119,1.060471527003845,m2_diss
274.0,1.0394037298739174,1.0125062150765611,1.0660543117715302,m2_diss
275.0,1.0419815531703842,1.0170256615276354,1.066893387639777,m2_diss
276.0,1.0441277967943035,1.0184390091490028,1.070149425739376,m2_diss
277.0,1.0476254789176016,1.020266238853479,1.0730147905510747,m2_diss
278.0,1.0486761725155578,1.0217693571577093,1.0744885647198847,m2_diss
279.0,1.0498435086222413,1.022353118701984,1.0738629138451967,m2_diss
280.0,1.0543069124862747,1.0287734728807698,1.0805030359518242,m2_diss
281.0,1.05085776937285,1.026632343489569,1.0755744862192178,m2_diss
286.0,1.0671179423017505,1.0434956163029832,1.0890166255921954,m2_diss
287.0,1.0689677960850508,1.0466207931878495,1.0925638510839033,m2_diss
288.0,1.0711596603629185,1.046929137907558,1.0930803201689758,m2_diss
290.0,1.0722593642842653,1.0490040231879003,1.0936808178498871,m2_diss
292.0,1.0783916967473794,1.0533098211765781,1.1000123363287488,m2_diss
293.0,1.0816906338871646,1.060287733810255,1.1024318754198186,m2_diss
294.0,1.0829925264695939,1.060152628265858,1.1044327778013825,m2_diss
295.0,1.0847231911287845,1.062087195426475,1.1076004560148731,m2_diss
296.0,1.087096998946819,1.064990248678614,1.1070313998872332,m2_diss
297.0,1.087341038581386,1.063401429762028,1.1099113565453955,m2_diss
298.0,1.0903989205538012,1.0681573267900666,1.1122608914799905,m2_diss
299.0,1.0945409378928592,1.0724838062905249,1.115517690423159,m2_diss
300.0,1.1004850104519586,1.079234680266275,1.1200878151287768,m2_diss
301.0,1.101619200159859,1.0800437795112021,1.1215134204977557,m2_diss
302.0,1.0925382628676643,1.0734662584041696,1.11427637618113,m2_diss
305.0,1.0985752256409287,1.0805032656375548,1.1178371567223948,m2_diss
306.0,1.1003132904997666,1.0825431038000923,1.1199568010482723,m2_diss
308.0,1.105977107419222,1.0860969114650323,1.1249677392383035,m2_diss
309.0,1.1070581756101425,1.0879355625762688,1.1261214695709723,m2_diss
310.0,1.109953643044952,1.090381197378113,1.1302072897423383,m2_diss
313.0,1.1155336799850208,1.0953135970598478,1.1364754134778456,m2_diss
314.0,1.11631372667757,1.0970968224285464,1.1352721746458858,m2_diss
315.0,1.1168532655150814,1.0985216448741408,1.1372500881380172,m2_diss
318.0,1.121909521137988,1.101270669411493,1.1412493291787367,m2_diss
319.0,1.1234312797888166,1.1052524483033006,1.1435680965234574,m2_diss
320.0,1.125043960223745,1.1044163526299078,1.1443529390279392,m2_diss
321.0,1.126526673207795,1.1071743337718598,1.146210631600764,m2_diss
324.0,1.1302472653571913,1.1108405885940973,1.152457861644828,m2_diss
326.0,1.132823804619542,1.112588991710087,1.1531366348007468,m2_diss
327.0,1.1301555474628944,1.1102110405754422,1.1480275151369728,m2_diss
328.0,1.1323044294005737,1.1133307044870142,1.1527352291408643,m2_diss
330.0,1.1350971851823453,1.1163290394931769,1.1549349956857207,m2_diss
331.0,1.136396892666447,1.117154825491474,1.1552614667160894,m2_diss
332.0,1.1378021246166947,1.1187799703999335,1.1553810122656945,m2_diss
333.0,1.139515916315669,1.1197735311638195,1.1596996113926135,m2_diss
334.0,1.1424659750973891,1.1241678722098392,1.1618202150433325,m2_diss
335.0,1.1434515490145736,1.124541474365853,1.1620936725666922,m2_diss
336.0,1.1451981946983083,1.1255944671347995,1.1637265420522165,m2_diss
337.0,1.1467418900583708,1.1290202988277689,1.1656745372282298,m2_diss
338.0,1.1459848587354222,1.1282516964222271,1.1648611150740573,m2_diss
339.0,1.147247836405203,1.1277737917741082,1.1663208625058925,m2_diss
344.0,1.1529521036252766,1.133747203963695,1.1710491566713923,m2_diss
345.0,1.1485314648134386,1.1292955771646325,1.1686682888653206,m2_diss
12.0,1.6161062738013592,1.494549966006464,1.7338862191538948,m3_diss
18.0,1.7976763646523541,1.6947942452143747,1.9045827613398116,m3_diss
19.0,1.7994010219785914,1.707199192833724,1.8921791709924651,m3_diss
21.0,1.8804945018393677,1.7852345810142762,1.9846522669693487,m3_diss
22.0,1.8698081058931275,1.7660897293291928,1.9706589321874108,m3_diss
25.0,1.8941804562237714,1.8057461544565336,1.9859272475767151,m3_diss
26.0,1.8790248002628804,1.7853256556681152,1.9666496828481332,m3_diss
27.0,1.8457668264382885,1.7632513492008361,1.930814046599636,m3_diss
28.0,1.9066600433155216,1.8280466684575034,1.9854428300533553,m3_diss
32.0,1.9262340731881658,1.8432991900342102,2.001296808720217,m3_diss
33.0,1.9151926177617764,1.833456877480318,1.9892768397140377,m3_diss
34.0,1.9023487557062075,1.8228579556403564,1.9778885342411554,m3_diss
36.0,1.968817846148336,1.8858780349415183,2.0466387802246566,m3_diss
37.0,1.9258502613421862,1.8432427468108485,2.0101386980181037,m3_diss
38.0,1.911551446647636,1.8344822122077031,1.9942075579142196,m3_diss
39.0,1.902071088465086,1.823202892062395,1.97921427141351,m3_diss
40.0,1.888686334693873,1.804490865913205,1.9704477568123846,m3_diss
41.0,1.8739281674971036,1.7990906489488996,1.947511001876045,m3_diss
42.0,1.857696071003311,1.7806485358725894,1.9308874518371901,m3_diss
43.0,1.849652509562107,1.7813476456991892,1.9288641271897644,m3_diss
44.0,1.8399777795969947,1.7642303572710991,1.911394555190916,m3_diss
45.0,1.8202578601957016,1.7456074085971107,1.8931511751738597,m3_diss
46.0,1.8097158571704017,1.7337528051151152,1.8800714196063606,m3_diss
47.0,1.7996205942064614,1.727257250665716,1.87775621491938,m3_diss
48.0,1.8265597964678597,1.7653302688654406,1.8947362441180422,m3_diss
51.0,1.7920240721962792,1.732587804051977,1.849390495198344,m3_diss
52.0,1.7831638558084144,1.7299189305094884,1.8467897422379032,m3_diss
54.0,1.7622734515331762,1.7032998500067567,1.811894958256711,m3_diss
56.0,1.7382362693411189,1.6902685360599383,1.7905892083895296,m3_diss
60.0,1.7005429567583996,1.656196375343341,1.7433615912908214,m3_diss
62.0,1.7254016742836824,1.683714308488063,1.7696273033579246,m3_diss
63.0,1.7186278604867127,1.6720554922092596,1.7586024877907287,m3_diss
66.0,1.696874755305584,1.649312450235582,1.7383170906179195,m3_diss
67.0,1.6920224866364364,1.6469630395949988,1.7318181113090623,m3_diss
68.0,1.6861175969071354,1.6374932554406474,1.725153131575208,m3_diss
69.0,1.6761585470818279,1.6351803208769107,1.7175204419038663,m3_diss
73.0,1.6351347227310291,1.5916131168378915,1.6714789495345286,m3_diss
74.0,1.631747674491034,1.5884781261212102,1.669218378815326,m3_diss
75.0,1.6247497093987728,1.584066339183067,1.663856880429958,m3_diss
76.0,1.6183757725001378,1.576271307142606,1.6578373884421171,m3_diss
78.0,1.607103613600999,1.5630103932187998,1.6455030417304366,m3_diss
79.0,1.6001615756732677,1.5598849701442496,1.639701299603733,m3_diss
80.0,1.5997559176236023,1.5610803163202893,1.6343043831283228,m3_diss
81.0,1.5915761063747271,1.5564075256350747,1.6253580381367527,m3_diss
82.0,1.5828165537752439,1.5488202894063485,1.6147019683541586,m3_diss
83.0,1.605692720336076,1.5699346068360625,1.6364046862053632,m3_diss
84.0,1.5986207832616883,1.565975194190492,1.6280615290109497,m3_diss
85.0,1.591693237156325,1.561717752835904,1.6210107176791984,m3_diss
86.0,1.5858604201323285,1.553997105993789,1.616563657018195,m3_diss
91.0,1.5444641403684565,1.5152533496022325,1.5730011072785712,m3_diss
92.0,1.5369378034084924,1.5066426917430762,1.5640233396468233,m3_diss
93.0,1.5303074337461287,1.5025608629057918,1.559350088845718,m3_diss
95.0,1.5090347084230507,1.4813798691778208,1.5351845854161421,m3_diss
96.0,1.502529666452474,1.4710953233200488,1.5302668202997598,m3_diss
100.0,1.5276554748589966,1.5004098908923644,1.552938697061634,m3_diss
104.0,1.5024929369867248,1.4742485756784076,1.5286314169304296,m3_diss
105.0,1.496015219772217,1.4670180299488458,1.5224258558212485,m3_diss
106.0,1.4879003924591532,1.4584980671849117,1.5133232848858373,m3_diss
107.0,1.4820956672337373,1.4537524506100603,1.5069383225210675,m3_diss
108.0,1.4758256293581327,1.448786370142859,1.5007621671610814,m3_diss
109.0,1.469289893354929,1.440437346627372,1.492431030993901,m3_diss
110.0,1.4787713923974593,1.4492211468372036,1.5071805264562652,m3_diss
111.0,1.4709199059770792,1.4435462233858738,1.4971309563689332,m3_diss
116.0,1.4430876883951949,1.4164712502402437,1.4712438379878978,m3_diss
117.0,1.4363140443610969,1.4083650945757757,1.465233304931349,m3_diss
118.0,1.4267540167439994,1.401218676999258,1.451051598127072,m3_diss
120.0,1.4142095573340583,1.3861966978030598,1.4414896054905197,m3_diss
122.0,1.3612604474827759,1.3338770939472717,1.3903689794476197,m3_diss
123.0,1.3826647322337544,1.357826329670662,1.4094338685796308,m3_diss
124.0,1.3987466083813918,1.3689669940215268,1.426830486963013,m3_diss
125.0,1.4291741305371874,1.4027425843177983,1.456243381753336,m3_diss
126.0,1.435163853639177,1.4085438813631934,1.460558383976546,m3_diss
127.0,1.442894239872507,1.4192609952332567,1.4668093041645405,m3_diss
128.0,1.4509846522782404,1.4283503954877932,1.4755943120155415,m3_diss
129.0,1.4537627975817022,1.4292448492436138,1.474971964031233,m3_diss
130.0,1.4549830177544805,1.4311289487174084,1.4796791928071718,m3_diss
131.0,1.454773312735419,1.4291907079139154,1.481258011358242,m3_diss
132.0,1.4643159795001242,1.4371951206713427,1.489764108632685,m3_diss
135.0,1.4758130672138938,1.44931486986887,1.5050453709363472,m3_diss
136.0,1.4726417779362855,1.4452511081959978,1.4998298751673405,m3_diss
137.0,1.4698535683790355,1.443923541838798,1.4974406437819838,m3_diss
139.0,1.467441974458726,1.4359303581619707,1.5013652467530414,m3_diss
140.0,1.4662739639538558,1.4372130716448837,1.4968295126574303,m3_diss
144.0,1.4826464744484091,1.4508985705242567,1.5146980882361671,m3_diss
145.0,1.4849005813980658,1.4539299093699372,1.5140157123913442,m3_diss
148.0,1.4797440866959246,1.4503873764917925,1.51044887741201,m3_diss
149.0,1.4888618737490538,1.463901639032231,1.514378926211526,m3_diss
150.0,1.497073568321663,1.4708580668270232,1.5246678238500695,m3_diss
151.0,1.4932838675627351,1.4678359348161065,1.5194713581935124,m3_diss
154.0,1.4865806790911684,1.461244458079117,1.511058669788333,m3_diss
156.0,1.5211060837895414,1.4958181845843739,1.5451188120468056,m3_diss
157.0,1.5212277057601233,1.4960849701107624,1.5451813040547469,m3_diss
158.0,1.51839294201156,1.4972594272704092,1.5418338504291111,m3_diss
159.0,1.5229637494283808,1.4992965763244068,1.5474942884196576,m3_diss
161.0,1.5387265528916967,1.5147488164644793,1.5620968470407905,m3_diss
162.0,1.5505723481823703,1.526474036448125,1.5745900785634053,m3_diss
163.0,1.5494538061507177,1.5266409822011022,1.5753247375662376,m3_diss
164.0,1.5572061719388897,1.533639361044864,1.5802958121687616,m3_diss
165.0,1.5600060226858532,1.5349660443080873,1.58657572098188,m3_diss
166.0,1.5634450175764842,1.5397034579329991,1.5869147193921826,m3_diss
167.0,1.568230897664991,1.5442658217710077,1.5942535697801048,m3_diss
168.0,1.5777134656410463,1.5531361221214584,1.6033305976239483,m3_diss
169.0,1.5833465230776358,1.5610359982917936,1.605781745722276,m3_diss
170.0,1.5876124614540759,1.564105530610237,1.6111954602495528,m3_diss
171.0,1.589886185294549,1.567040303576291,1.614506002569688,m3_diss
174.0,1.5931418669267665,1.5710936051623174,1.6162700418988907,m3_diss
176.0,1.6150826456133185,1.5894364936690129,1.644324515620898,m3_diss
178.0,1.61900474492318,1.5938117993280285,1.64577500870967,m3_diss
181.0,1.6263965050806746,1.6004162244636873,1.6528072290536997,m3_diss
182.0,1.6359450419668,1.6091390638863228,1.6640774226460189,m3_diss
188.0,1.6538016364123702,1.6284529411708866,1.6804805702095746,m3_diss
189.0,1.657344354200521,1.634306895308218,1.6850053682963104,m3_diss
191.0,1.6582908616627186,1.6323570422616405,1.6854276723093418,m3_diss
192.0,1.6569533822741591,1.6308608242924643,1.6838802336157648,m3_diss
195.0,1.6540315440916182,1.6255471148304428,1.6821957711597404,m3_diss
196.0,1.6581609921316738,1.6306825430337302,1.686457587571565,m3_diss
197.0,1.6551627045956703,1.6275078554099218,1.683549364665011,m3_diss
198.0,1.655746190142224,1.6304803740825728,1.6871357653462002,m3_diss
202.0,1.6716829425756838,1.6446354223116226,1.701290141102976,m3_diss
203.0,1.6785649833365768,1.6509320348926826,1.709204378665493,m3_diss
204.0,1.6816520311777445,1.6531763827166661,1.7111544719888536,m3_diss
206.0,1.6793763721727057,1.6519405757578711,1.7087153670907822,m3_diss
207.0,1.6791922116569076,1.6515317170202881,1.708070890420714,m3_diss
208.0,1.6798498673942794,1.6532006609125107,1.7095452074052655,m3_diss
209.0,1.681714558118338,1.6542230036982706,1.713210915151082,m3_diss
210.0,1.6783809896529818,1.647844438079603,1.7072887533705532,m3_diss
211.0,1.6852296638790947,1.6579075002745178,1.7175909175172857,m3_diss
212.0,1.6850728985112364,1.6570196285815553,1.7117023014749424,m3_diss
213.0,1.6876762729876684,1.657695141927725,1.7141468053647033,m3_diss
214.0,1.6859186689509247,1.6577178208964776,1.715433734418831,m3_diss
215.0,1.6842313025501947,1.6568560220087682,1.7140074868690796,m3_diss
216.0,1.6834613728424752,1.6563372649295514,1.7113199736931168,m3_diss
217.0,1.6884495388740088,1.6630019482902831,1.7176392528333613,m3_diss
218.0,1.6942975960471895,1.6694352613327321,1.7233935234709192,m3_diss
221.0,1.698652383245604,1.6714339461419339,1.7278241065722886,m3_diss
222.0,1.7032148241897853,1.6770581339960584,1.7288639141762172,m3_diss
224.0,1.7098674439113761,1.682785004178818,1.7382442488575112,m3_diss
226.0,1.7230598807650472,1.6964047821701531,1.7509885052939496,m3_diss
230.0,1.7417154302916427,1.7144221196060023,1.771760576700637,m3_diss
232.0,1.7426885567908292,1.71582084035435,1.7716172812449713,m3_diss
233.0,1.7448805770977394,1.715862689661445,1.7767624145917247,m3_diss
236.0,1.754122715123336,1.7274963549927802,1.785140559475254,m3_diss
237.0,1.7615944994878259,1.7369286302245874,1.7900289637059867,m3_diss
238.0,1.7623129043430197,1.7368100452641908,1.7939083034537204,m3_diss
239.0,1.763908101761713,1.7391302517869034,1.7930189324923476,m3_diss
243.0,1.7772672205986926,1.7546136455430699,1.8018423742409866,m3_diss
244.0,1.7784215072859122,1.7564322979932516,1.803389516529628,m3_diss
245.0,1.7813777350713162,1.7591094444530402,1.8074671032518763,m3_diss
246.0,1.7840561926975667,1.7627536308971754,1.8100079309130992,m3_diss
248.0,1.7875362102745076,1.7631027417141183,1.8116155414045394,m3_diss
249.0,1.7885890934892383,1.762917448165944,1.8175394059220422,m3_diss
250.0,1.7916930254961225,1.7684893506885864,1.8187999303631104,m3_diss
251.0,1.7934514857530641,1.7702177403426917,1.8181749050896097,m3_diss
252.0,1.7946424664750864,1.7743537487626044,1.818948206060247,m3_diss
253.0,1.7971295918544499,1.7744824074646441,1.820790129777787,m3_diss
254.0,1.8020230662702539,1.7777494045149824,1.8270271311924968,m3_diss
255.0,1.7996564940805366,1.77724131163896,1.8250876041476718,m3_diss
256.0,1.79968581645313,1.7779219917232492,1.823608226806086,m3_diss
261.0,1.8133299323347818,1.7909552400826503,1.8380177951654975,m3_diss
262.0,1.8148673930636332,1.7921625197471365,1.8389590452686582,m3_diss
264.0,1.8204829672117628,1.7991187854342316,1.8432345216998283,m3_diss
265.0,1.8205430800956452,1.7979308436087702,1.847418887338895,m3_diss
266.0,1.8214148799311567,1.7996490125368345,1.8460844268045067,m3_diss
269.0,1.8251103406628146,1.8030298871493213,1.8503800033147593,m3_diss
270.0,1.8253959241797524,1.8024952475488638,1.851102181983385,m3_diss
274.0,1.828564999033564,1.8047181679003794,1.8551512909220087,m3_diss
275.0,1.8318050027870423,1.8072918013794919,1.8600990746348263,m3_diss
276.0,1.8365563625768275,1.8143678560027843,1.8624629618822963,m3_diss
277.0,1.8388921209801878,1.8149373127494686,1.8653882244268114,m3_diss
278.0,1.8396308125153582,1.8174421977831292,1.864094918630918,m3_diss
279.0,1.8397055106098315,1.8163608975804537,1.865086155451787,m3_diss
280.0,1.8454075014523998,1.8220243960074793,1.870174403058922,m3_diss
281.0,1.8482553872129084,1.8278181293519429,1.8698065139337108,m3_diss
286.0,1.8516453832828443,1.8311185070777427,1.8727612242045841,m3_diss
287.0,1.852307005389159,1.832879847126052,1.8738746167451235,m3_diss
288.0,1.8518457386458802,1.8317450251810907,1.873280424579062,m3_diss
290.0,1.8520972785645928,1.832658781008626,1.874896070618646,m3_diss
292.0,1.8531317015649353,1.833749045408295,1.8733352360596796,m3_diss
293.0,1.8537051650520113,1.8335177635707753,1.8771397466424136,m3_diss
294.0,1.8543740012769117,1.8345490059456988,1.876006960798149,m3_diss
295.0,1.8563256575296747,1.8373019136763917,1.8789665260473003,m3_diss
296.0,1.8568921698720047,1.8385997555012716,1.8776424581590099,m3_diss
297.0,1.8578199017751345,1.8385002818262304,1.8786794728679506,m3_diss
298.0,1.8618288175756426,1.8419244071398704,1.8824471554111213,m3_diss
299.0,1.8671081325730978,1.8483223940696953,1.8876308904332353,m3_diss
300.0,1.8731450648286603,1.854435918659307,1.8913377737610368,m3_diss
301.0,1.8741677496595845,1.8556386163403005,1.8950194218332783,m3_diss
302.0,1.8691799928181676,1.8437601015275982,1.895331634564934,m3_diss
305.0,1.8705563688572042,1.8442496104904265,1.8956193599314217,m3_diss
306.0,1.870279904774177,1.8430530197221298,1.8967576394259107,m3_diss
308.0,1.871947694024059,1.8457325046334025,1.899603928965788,m3_diss
309.0,1.8720334987765022,1.846404417752222,1.897480665737946,m3_diss
310.0,1.8718946209646756,1.847930182429427,1.8944356770124007,m3_diss
313.0,1.8723493044373203,1.847996808525702,1.8961635070162985,m3_diss
314.0,1.870790548168521,1.8480977550448552,1.8949457960852145,m3_diss
315.0,1.8796505291459407,1.854350901938482,1.9028841030147343,m3_diss
318.0,1.879825763918354,1.857712937878991,1.9023507057422766,m3_diss
319.0,1.8797727975602079,1.8575603067527409,1.9014723507213283,m3_diss
320.0,1.880717608882502,1.8573582052375393,1.9033246215746533,m3_diss
321.0,1.8813838656270643,1.8596027964463002,1.9037301226035657,m3_diss
324.0,1.8835341471910403,1.8612416410700021,1.9048857473612337,m3_diss
326.0,1.8820435797318882,1.8587747580716323,1.9036577091388538,m3_diss
327.0,1.8849853608213654,1.8632584500207625,1.9046398089100436,m3_diss
328.0,1.8853990001072147,1.863156154734538,1.9086513736926731,m3_diss
330.0,1.8853337375393076,1.8615772327934192,1.9060569862598384,m3_diss
331.0,1.8842348800722586,1.860579061855967,1.9046042347941419,m3_diss
332.0,1.8840334273491262,1.8617737106686052,1.9047796966261765,m3_diss
333.0,1.8839839815855217,1.861422550985351,1.905496855259482,m3_diss
334.0,1.883315416514878,1.8627281624959717,1.905893905580068,m3_diss
335.0,1.8825837366803,1.8620494074612726,1.9038941411145012,m3_diss
336.0,1.8821704283166643,1.8587776071247752,1.902572392465027,m3_diss
337.0,1.8819618566129814,1.8584276296155826,1.9017602410940937,m3_diss
338.0,1.8809728967312687,1.8592040484032928,1.9018629601888104,m3_diss
339.0,1.8804692720571174,1.8579143598598855,1.9004150252243237,m3_diss
344.0,1.887355547522798,1.866909423044703,1.9051041090479002,m3_diss
345.0,1.8838959754848392,1.8653000960091217,1.902358751649344,m3_diss
