random_diss,qsampled_diss,m2_diss,m3_diss,random_resp,qsampled_resp,m2_resp,m3_resp,run
0.9847328244274809,0.0,0.0,0.9847328244274809,1,3,2,2,0
0.9748566845872813,0.0,0.0,0.9417827546261919,3,4,2,4,0
0.9744272170376295,0.2643171806167401,0.2643171806167401,0.9523779303969032,5,3,2,4,0
0.7412451361867705,0.40973218555714963,0.40973218555714963,0.7908846417944609,3,1,1,2,0
0.5929961089494163,0.3277857484457197,0.5182049101223665,0.8327077134355687,2,1,3,3,0
0.6666666666666666,0.2731547903714331,0.43183742510197204,0.7592419545305195,3,2,2,4,0
0.5714285714285714,0.23413267746122837,0.3701463643731189,0.7937206784942286,5,1,4,5,0
0.5873356926188069,0.24930411252087847,0.2962995577472506,0.7364250409355677,3,2,3,2,0
0.595855877426308,0.2963073558263405,0.33808108491644906,0.7373109801143614,2,1,2,5,0
0.6256036230170106,0.36134328691037315,0.30427297642480416,0.758246548769592,2,2,3,4,0
0.6596396572881914,0.32849389719124833,0.27679472735894256,0.6063058484480255,2,2,1,2,0
0.6046696858475088,0.38445273909197764,0.324171208412364,0.63911369441069,2,3,3,4,0
0.6238773604534221,0.3548794514695178,0.37615803853448987,0.6653805274769328,2,4,2,5,0
0.6454822464866494,0.3335878745898903,0.48276691696215174,0.6857544702206227,2,3,3,4,0
0.6645190622381141,0.3113486829505643,0.4473289623729934,0.7051920885129703,3,1,5,2,0
0.6542366208482321,0.291889390266154,0.47232229111357016,0.7140689718697986,3,3,2,5,0
0.668039695438859,0.33354295554461555,0.4979616044589398,0.7590123735488983,5,2,4,3,0
0.6797170625909916,0.31501279134769244,0.5203781353446687,0.7630364875160238,3,1,3,5,0
0.6754602282073777,0.2984331707504455,0.4929898124317914,0.7721422782587545,1,1,4,4,0
0.6439687701950672,0.3320829407843518,0.48177725051221276,0.7802203238465102,2,3,3,4,0
0.6182622150983584,0.31626946741366835,0.49630835992494643,0.7879541686150724,5,1,2,3,0
0.621461865245209,0.3018935825312289,0.48722602696752326,0.7586813018611358,3,5,5,5,0
0.6327423405958519,0.2726191249563083,0.5444926654963439,0.7774098533143701,1,3,3,5,0
0.6477746560362153,0.27448717975117404,0.5631860713418692,0.7576470601585067,3,1,2,4,0
0.6219629470103789,0.26350769256112705,0.5806737574355738,0.7609304694803442,2,2,3,3,0
0.6362241268633799,0.289604665366747,0.5945720354383306,0.7701254514234078,4,2,1,3,0
0.6335061260128252,0.29962823197743865,0.5755810018043725,0.7777521683492433,3,4,4,3,0
0.6658036569250969,0.3246430843538189,0.5741262658112065,0.8094276776944215,1,4,4,4,0
0.6772085328328882,0.3134484952381699,0.5888115669901304,0.8158574107738646,4,5,2,5,0
0.687051153760958,0.3360269524114485,0.6022106398453865,0.8179492543068358,1,2,4,4,0
0.6819150627208186,0.35500164505115733,0.5910794210485307,0.8213533696528156,2,1,3,3,0
0.6608246209204847,0.3743161311867404,0.5381027775561229,0.8267557907740497,1,1,3,3,0
0.6708468934434028,0.36203708331706386,0.5426620170242898,0.8098195889787544,2,1,4,5,0
0.6594571492220879,0.3808006985136208,0.5196055041793579,0.8154131304793792,1,5,4,5,0
0.6405530987589187,0.39849210712751737,0.532924539764632,0.8206690369844124,2,1,1,5,0
0.6295722825879119,0.4152006597073086,0.5350320674543192,0.818210372730259,3,2,3,3,0
0.6125568154909413,0.4310060472827867,0.5289761795961245,0.8220968110176142,1,1,4,4,0
0.6228460249373884,0.4459719410159182,0.5168773170059585,0.8267784738855718,3,1,2,4,0
0.635299386651377,0.4597206553239088,0.5039202044159744,0.8312200514782493,3,2,3,3,0
0.6413538049076617,0.46964508657649134,0.516132098578727,0.8327808551415865,3,4,4,2,0
0.6436253641657123,0.4810319853553071,0.5143590923927102,0.8217606484540451,2,2,4,4,0
0.6273320788159684,0.4728219376693652,0.5043514919065493,0.8049336458344291,1,3,3,4,0
0.6383714039043042,0.4509022415941067,0.5129260249839649,0.7743710443632603,2,2,4,5,0
0.6332855862381908,0.4279217141975265,0.5210509713927395,0.768868698045327,3,2,2,4,0
0.6192677523360649,0.4146624184205288,0.49985371737360357,0.754727549970273,1,3,2,3,0
0.6138018446198342,0.4041142239089779,0.49274681448124374,0.7471750388132289,5,2,2,5,0
0.6007422309045186,0.40152494560981533,0.5047814379156303,0.7293189225797062,3,1,1,3,0
0.6103632149454629,0.41382796930353827,0.5149792746402588,0.7348433966250637,1,1,3,3,0
0.618315507483394,0.42578669629183896,0.5042165049676622,0.7402548701768865,3,4,4,2,0
0.6193239182715559,0.4372762425385581,0.5011120976392305,0.745690111289838,4,2,1,4,0
0.6266843818787824,0.43683397286971976,0.4947319742281249,0.7468100138299512,4,1,2,2,0
0.6146355795008298,0.428433319545302,0.5044486670314302,0.7359168473018534,4,4,1,4,0
0.6066912216623717,0.41647115085131536,0.5236461715787964,0.7281686681404892,2,3,3,4,0
0.6131820799097276,0.3974512666977702,0.5166998638578497,0.7342921101285385,2,1,1,3,0
0.619165146180175,0.390224880030538,0.5109712656253279,0.7392757080251932,1,1,4,3,0
0.6112790597553924,0.3891521319187491,0.5021579182881964,0.7217893198120459,3,2,1,4,0
0.6126456050932882,0.38214246017397596,0.4996648975834385,0.7303984562308132,5,1,5,3,0
0.6108924672619476,0.39237600339566886,0.47121209224384286,0.7170660719948491,5,2,4,4,0
0.6173748170348732,0.39980689919368734,0.47556950450052926,0.7158414221341287,3,1,4,5,0
0.6254647630553658,0.4127160886852356,0.49673083968535,0.7235404845860912,3,3,3,4,0
0.6253927801320752,0.42081667592523553,0.4986922058203857,0.7228645323311402,4,5,5,4,0
0.6349275475133389,0.42583785624702913,0.5051148780298087,0.7388056274874711,1,1,1,3,0
0.6397694038143614,0.4348039115164754,0.5178274877870785,0.7536394805668528,4,1,1,2,0
0.6302540424120231,0.43520977183115095,0.5103722891704554,0.7372904562748086,2,2,2,3,0
0.6254237905529736,0.44131527122116465,0.5030390420767487,0.7356964318703654,4,1,2,4,0
0.639196403028524,0.43008152314999337,0.4935192525812389,0.728467184085172,3,1,2,4,0
0.6416069923397069,0.41299985577044884,0.4904015629200913,0.7286972789765553,4,2,4,3,0
0.6398785587081723,0.4057466785958763,0.48887218929613463,0.7337083286218321,3,2,3,5,0
0.6311472026772188,0.3913495213016622,0.47818897342616373,0.7239020521325323,5,1,3,3,0
0.6319109768239113,0.40670159814679446,0.48691387052772633,0.7136391990441711,4,3,5,4,0
0.6259004216710027,0.4049116207015036,0.5005151141197386,0.7208598220236325,1,5,2,5,0
0.6273742408718802,0.3989105747050974,0.5067706114694557,0.724680705582387,3,2,3,2,0
0.6279936847452162,0.3930447971413731,0.4922498502241626,0.7250609949864933,5,3,4,4,0
0.6329621159857353,0.4011286550079832,0.4987484978632958,0.7282825311689305,5,1,5,5,0
0.6250708733165572,0.3946395714143824,0.49634067674115434,0.7170278684444001,2,1,3,4,0
0.6220653008217756,0.410646016921447,0.48872733233517884,0.7123609583002173,4,1,5,5,0
0.6046642753532627,0.4009827074544557,0.49276345563196305,0.6879314675460825,1,2,5,5,0
0.6034519981260171,0.4074994359868215,0.48132480209870554,0.6914131651746016,1,4,4,3,0
0.6059004822384946,0.4021055618010277,0.48125524768643696,0.7034846037388839,1,2,4,2,0
0.5896302123423037,0.3986401592183144,0.47138636073135387,0.6733609905041759,5,3,5,5,0
0.5921617797428572,0.4043078601542341,0.47217969355438133,0.6770991398500824,5,5,4,4,0
0.5854438980264552,0.40628383346080144,0.47104737375167594,0.663200207388625,1,2,2,4,0
0.581571892524324,0.40180167783316867,0.4710543643196515,0.6567460234999466,2,2,1,5,0
0.5814904482102489,0.3984014429675317,0.46437315102794374,0.647553677057868,5,1,2,3,0
0.5900791475616868,0.3940616106493871,0.4592561330693549,0.6513592599164402,2,1,3,5,0
0.5900394711983722,0.39367017288262096,0.4535383823162887,0.6442633936772602,2,4,5,3,0
0.5789301760041389,0.3900210496954958,0.4560985705350799,0.6445513834163167,3,3,4,4,0
0.5712778164833913,0.3890949145773218,0.45960271933630975,0.647392889029888,2,1,3,4,0
0.575882680600996,0.39494223523718097,0.4593943561227413,0.6475626929343004,2,1,4,4,0
0.5665125552231239,0.39491628543726337,0.45881928491383733,0.6445683629940021,3,2,4,4,0
0.562078766016949,0.39294767591028373,0.4521056754655047,0.6472234774741535,2,3,4,3,0
0.5618427450665611,0.39926219676658514,0.45054272469131973,0.6497195949514722,3,3,3,3,0
0.5573101260769515,0.3963254444336304,0.4477100233438488,0.6436932322703359,3,3,1,3,0
0.5489170407999907,0.39220274143375217,0.4393544974691069,0.6412155784666357,3,2,4,1,0
0.5452773443094344,0.4003832176053937,0.43667495588180294,0.6342581059074937,2,1,3,2,0
0.5428661950084236,0.39292021545870376,0.43112059130981945,0.6291166885257503,3,3,5,5,0
0.5388008625851243,0.38801570870187824,0.43011292865812845,0.6271907741609318,1,5,4,5,0
0.5333061224700058,0.37892891617181546,0.42364351796027844,0.6215394220009852,3,2,4,3,0
0.5357207979009919,0.38141486960175736,0.4150082930666883,0.6088980606841788,2,4,2,4,0
0.5383981708513264,0.3862687331442216,0.41608504907298716,0.6103847328405435,4,5,2,2,0
0.5372302289674733,0.38699120675340454,0.41985893646504885,0.6089205061059595,1,2,5,4,0
0.5418258788743764,0.3904951916988713,0.42095905080430085,0.6056518027246095,2,2,5,5,0
0.5313767163637256,0.3902159368272516,0.4108453427300322,0.5934980644844775,1,2,3,5,0
0.5267107818622047,0.38864243717619423,0.41667650166805675,0.6007917982174409,5,4,4,3,0
0.527418837882062,0.3856669024650915,0.4079203916830859,0.5979777153788493,1,4,2,4,0
0.525793043215816,0.38542935346129403,0.4007591399817127,0.597332982821969,3,1,2,2,0
0.5211169677642675,0.39054348795378685,0.4045311286565737,0.5997004576922866,1,2,3,3,0
0.49485510089790447,0.37619675644602824,0.3899779726719841,0.5899061917239218,1,1,4,1,0
0.4972833870866426,0.3786353427887997,0.3866115490343382,0.5898315391300443,2,4,4,4,0
0.49923898668269506,0.3744092384717256,0.37609571610406867,0.5845994981138053,2,4,2,5,0
0.5007410372883689,0.3738236560435776,0.3852951928334337,0.5751516663738762,5,2,4,5,0
0.48623585693083105,0.37540003249220283,0.37630906283572585,0.5657313428122094,2,3,1,5,0
0.48557121340199244,0.3768234220252275,0.374560175454889,0.5651276977895607,1,5,5,2,0
0.4882443113603999,0.37310592838787027,0.3802037197860767,0.5671330411305838,4,1,2,5,0
0.4832126386436038,0.3688097717590922,0.3811487739630377,0.5656203474924779,3,4,4,4,0
0.4862892614265648,0.37022360515950753,0.3837843807578762,0.5683549088614194,3,4,1,5,0
0.4864407249320803,0.37959889144347786,0.3738202772361181,0.5611075827428491,2,1,4,4,0
0.47412138758294736,0.3796145063085682,0.37569698294721693,0.5592154552556542,5,4,2,4,0
0.46973429694972096,0.3797772391088056,0.3709990799972258,0.5576021195632282,3,4,3,4,0
0.4579288727569471,0.3757985850426095,0.3772391847320798,0.558546704338459,4,4,3,3,0
0.4549999895878876,0.36126467126124606,0.37200168563411457,0.5577656659127381,1,3,3,2,0
0.4592634425073385,0.36030920177068143,0.37560099532563573,0.5610049967558144,4,1,1,2,0
0.45389774272245526,0.35833094676464394,0.38062445521459914,0.5534572090185463,3,4,4,3,0
0.4643389433942676,0.3658246062343141,0.3752586908948171,0.5539773840930393,3,4,4,1,0
0.4661455664672168,0.3615054032518193,0.37681906512197927,0.552836615022347,1,2,4,2,0
0.47079586386741396,0.3531603612901607,0.3822320289285715,0.5564664041923385,2,2,1,4,0
0.4712334704182053,0.35319506510834525,0.37991298970903065,0.5534710087528564,3,2,4,2,0
0.4751101627571244,0.3569155222363336,0.38356974867049665,0.5555090814736339,1,4,1,4,0
0.4713149245399475,0.36368803493777424,0.38221481446311145,0.5582820445365874,2,1,1,2,0
0.47348134711011336,0.3640606722200138,0.378770061077876,0.5545937284087786,3,3,2,5,0
0.477357816009335,0.36145275150869793,0.3773952971564626,0.5472390698685542,4,4,4,4,0
0.4801335443715052,0.3660167705382156,0.38141264276517123,0.5476018528511013,4,3,1,4,0
0.48527434424891475,0.3613794608841153,0.38120803744363935,0.5408779855522796,1,2,1,4,0
0.4852556285577104,0.35976325377694895,0.37714904153620055,0.5372782002989988,4,1,4,4,0
0.4833916866457577,0.3601192952736469,0.3776505044864873,0.536131748526778,1,1,1,4,0
0.4840193379909838,0.3540218063862914,0.37589879845298985,0.5331924759631366,2,4,3,5,0
0.48037943860606996,0.35348347245694856,0.3767784820841488,0.535760281231992,5,1,1,2,0
0.47742158191559453,0.3479155317750694,0.38175673174517893,0.5388772377878882,4,2,4,4,0
0.4713598467345306,0.35012650496899983,0.3824718831069993,0.541132996833407,1,1,3,3,0
0.45743199132214707,0.34857846786194424,0.37375426635123665,0.5352210231243305,5,1,4,4,0
0.4570194924735935,0.3484662122930015,0.3698338427616694,0.534825475686038,2,1,4,3,0
0.4574148534815795,0.3481104976325996,0.37155428142970237,0.5316042209030413,2,2,3,2,0
0.4527425674572135,0.34959039604396014,0.36248650997464826,0.5341328579373761,3,1,1,3,0
0.4576718402419196,0.3540184782077107,0.36005192518714046,0.5296697094332635,2,1,3,3,0
0.45275712896545944,0.3503505837598673,0.3616294844121111,0.5311471553480417,2,3,2,2,0
0.4554621607970166,0.34811214064304574,0.35884001016378936,0.5296766046804839,2,1,4,5,0
0.4574784259817742,0.34912415451346906,0.363214798086105,0.5302530498809519,3,2,2,5,0
0.4546115868152375,0.35007460735757673,0.3634471490688032,0.5292515044908391,5,1,4,4,0
0.4498173416689351,0.3454927596271227,0.35972412893204697,0.5301355900478999,3,2,1,4,0
0.44829392885226205,0.34447339704715196,0.35770142582166403,0.5318478431086107,5,4,1,3,0
0.44701157820914555,0.3422168161163427,0.35691064256598615,0.5301654022417696,1,1,2,2,0
0.444613349530207,0.3391738385642058,0.355325752321691,0.5293323577886447,4,1,1,5,0
0.44398289668092494,0.3385228115455005,0.35531753919789044,0.5286971818732972,2,2,5,4,0
0.44755559968935926,0.3367234389409756,0.35720625716152216,0.526567923279414,2,2,3,4,0
0.44543748345564077,0.33467788579445634,0.355852334139543,0.5251605627768362,5,1,3,3,0
0.44631409582279136,0.3349059846955257,0.35034730937597514,0.5269578474394992,2,1,2,5,0
0.444199957303292,0.3319690083607663,0.3512714212993742,0.5294295196932007,3,2,2,5,0
0.4452648313367084,0.3299066355572497,0.3529150913691367,0.5275127442057285,2,1,2,2,0
0.4515460041723388,0.32504457863813635,0.34967820357880586,0.526257467578235,2,1,4,5,0
0.4497040509375185,0.32288203926321096,0.35261086176283385,0.5267311201874207,5,1,3,5,0
0.447357780103351,0.3218384928944257,0.3510802416910289,0.5260267907525022,3,1,4,5,0
0.44217836386917025,0.3258010815464368,0.35605769854722646,0.5253583881240749,3,4,1,3,0
0.44400726899933723,0.32966805083191475,0.3597757638893127,0.5288293681164741,3,3,2,5,0
0.4429800113350351,0.32936175990396,0.3613596958546117,0.5245460316910401,1,4,3,3,0
0.44029680271499705,0.32609119283770577,0.3544223328739229,0.5206613307833329,2,3,3,4,0
0.4372055228377993,0.3237058551958679,0.3546329470288954,0.5174244772821642,4,1,4,3,0
0.43903293702244317,0.32074784882056107,0.3507308939157771,0.5153146352318047,2,4,3,4,0
0.44128399479400765,0.3170086452387828,0.34959247570045043,0.513891647673337,1,2,1,2,0
0.4386569593728502,0.3186543018685467,0.3479707554338407,0.5092147452285077,3,4,2,2,0
0.4412407461378166,0.32191047517388893,0.34884636316748996,0.5116486116843644,1,3,4,5,0
0.43921487150879024,0.32307969169593914,0.3470314933590488,0.5135180424839538,2,1,2,4,0
0.44121751307722906,0.32573333235021446,0.34649727867787616,0.5068840408916607,1,1,4,5,0
0.4407212721202611,0.32265061913280946,0.34736965596681585,0.507247096720209,1,2,5,5,0
0.4407023958044286,0.32462129107015264,0.34858764875028914,0.5062442743105329,5,3,4,5,0
0.43832979959103835,0.327692105946084,0.3454683829978689,0.5056850497824278,5,3,3,3,0
0.4381862260621629,0.32908571001988174,0.3446813096677958,0.5057940919711261,1,2,3,5,0
0.4380983672636065,0.3263961648100665,0.3444703685276037,0.5072132781239305,4,1,3,4,0
0.4360312679310451,0.3253122626482175,0.34312362244968925,0.5064249543945251,4,1,3,4,0
0.4392619096282423,0.3235293253333017,0.34475122122693,0.5057016678078547,3,1,3,4,0
0.43619842526105274,0.3224297613006706,0.3422414934800446,0.5047509507036292,4,1,4,3,0
0.43337579400724247,0.319979448533299,0.34054504394977086,0.49987070749805107,2,3,2,4,0
0.43090520484660544,0.3211056506853453,0.34111839317331577,0.4985174908538229,3,1,4,3,0
0.4293169690814721,0.32252621928807657,0.34059079697441025,0.49952984231992625,3,2,2,5,0
0.428547317909606,0.3257542902005845,0.33773093043022073,0.5001321211600981,3,1,2,4,0
0.4296155009384288,0.3270848600927095,0.33689081950749683,0.498511761123884,1,1,4,3,0
0.42820173987202703,0.32502395488902214,0.3347682445781074,0.49741557168132206,3,1,4,4,0
0.4266237866575297,0.32269230786238146,0.33219537816282774,0.4905142923997144,4,3,4,4,0
0.4276655125365803,0.32101764727864274,0.33151684800810205,0.48705439698317005,2,2,3,3,0
0.4235221236040525,0.32049310555387495,0.3283536884601834,0.48500668226044563,4,1,3,4,0
0.4248279139660317,0.31735782892063075,0.3286744580789531,0.4827745955918833,4,1,1,4,0
0.42103124563651356,0.3161111287422394,0.32814836319765006,0.4814198464623636,2,1,1,4,0
0.42216346387778475,0.31816349545197853,0.3284689235635582,0.48413097547605743,3,3,4,5,0
0.4241678209899168,0.3192860620542097,0.32603154147703894,0.48619721492676016,3,1,4,5,0
0.4200544483429064,0.3145370851821325,0.3211062206960711,0.48442963598530725,2,4,4,5,0
0.4184718667053868,0.3123487500902891,0.3190066613528985,0.48094044321229845,3,4,4,5,0
0.4191888387996614,0.31111984099509604,0.3210385264340086,0.48189633618110617,3,1,2,2,0
0.4151271068894474,0.3121822588446977,0.32215904428831654,0.48091125651405964,1,1,3,3,0
0.41283131618850083,0.31144196671951735,0.31918913220049155,0.48180111515691515,2,3,2,4,0
0.412128760208606,0.30838088294561383,0.3179809884271236,0.4786719405461201,4,1,3,5,0
0.41062886244996877,0.3052306505903082,0.31350345440557814,0.4712790597507488,2,3,3,4,0
0.40653122193003444,0.30424524207682674,0.31342400821982896,0.47051441123175075,1,2,2,4,0
0.40511130614038576,0.3061286949666856,0.3138413295155905,0.470265322293192,1,1,3,1,0
0.4026501026710474,0.305416913992089,0.3114889209908322,0.46699246024176,3,2,5,1,0
0.40199782418066277,0.305143519125623,0.3120528738456878,0.46404937816897873,3,4,5,4,0
0.4026662164473098,0.2998322134169144,0.3100854275113244,0.4628498895939429,1,5,3,5,0
0.40193251673738417,0.3020552376962152,0.31053439546384215,0.4604413890985054,2,4,3,5,0
0.40295062109205587,0.29999362162852866,0.30766987499319826,0.45924050076697354,4,1,2,3,0
0.40387966734729897,0.30144145548925694,0.3075317067670315,0.4572925050107009,3,1,5,3,0
0.40742910608571764,0.3022715555354687,0.3066832542610507,0.456925790790629,3,1,5,5,0
0.40679168931879706,0.30350187971779136,0.306119247675864,0.4560110871789372,4,5,4,5,0
0.40535689201925973,0.30210649310630827,0.30636846503187987,0.45075774077061503,2,5,5,5,0
0.0,0.8854961832061069,0.0,0.9694656488549618,1,4,5,5,1
0.0,0.44274809160305345,0.0,0.9672230968010218,4,1,4,4,1
0.0,0.29516539440203565,0.2643171806167401,0.9693381585134565,2,2,2,5,1
0.24632352941176472,0.25,0.40973218555714963,0.779643828997228,3,1,3,4,1
0.3970588235294118,0.4,0.3277857484457197,0.8237150631977823,3,3,2,4,1
0.33088235294117646,0.3333333333333333,0.2731547903714331,0.655680429353313,1,2,4,2,1
0.4264705882352941,0.2857142857142857,0.23413267746122837,0.8473767034208523,2,1,3,3,1
0.541766415868673,0.25,0.24930411252087847,0.827436100363225,4,4,2,5,1
0.5562140220826952,0.2905288616813481,0.2963073558263405,0.843703663885613,1,2,5,5,1
0.5952592865410924,0.27480930884654664,0.36134328691037315,0.8539999641637183,1,4,2,4,1
0.5942759123017095,0.23784491519300396,0.32849389719124833,0.7514533703920208,3,2,3,3,1
0.5447529196099005,0.21802450559358696,0.38445273909197764,0.7721655895260189,4,2,4,2,1
0.5797719257937543,0.203284371255684,0.43088129393842617,0.7896913134086329,5,1,4,5,1
0.5422701102503036,0.24322112192175646,0.4623813470066559,0.7818110112374609,3,4,3,3,1
0.5681195782615386,0.22633445217744663,0.43155592387287883,0.7938220727479169,4,1,2,4,1
0.5326121046201924,0.21218854891635622,0.4575350675197128,0.7754581932011724,4,4,5,5,1
0.5012890859304362,0.2858063028107068,0.43062124001855323,0.7821305870651555,3,3,4,5,1
0.5235207567344153,0.26992817487677867,0.45315857021451733,0.791538224652069,5,1,5,5,1
0.547545980064183,0.30835300777800084,0.48088706651901647,0.8025098970388023,1,1,5,2,1
0.5701686810609738,0.2965067859605294,0.5055448638529139,0.812384402186862,1,4,1,5,1
0.5853740932213191,0.28195873779862496,0.48143823484632264,0.7712445014623707,3,1,1,5,1
0.6042207253476227,0.31336753283292557,0.45035112956574574,0.7833842441495226,3,1,5,4,1
0.6214287879216416,0.34363048953038183,0.45810025690236783,0.797684119967771,2,3,1,5,1
0.636916705104136,0.34253973746799443,0.48824648480594696,0.8080654322586982,1,4,4,4,1
0.6288086959794349,0.33118517418348814,0.4687875556704985,0.8002624241798105,1,4,4,1,1
0.6428065777951646,0.35467916692670964,0.45075726506778696,0.7694831001728948,4,1,3,4,1
0.6397507343014487,0.362245628266028,0.45481221687473633,0.7790841070512771,3,1,3,4,1
0.6473686552425206,0.384996410301245,0.4742824956156668,0.8107120471570969,1,1,4,3,1
0.6595283567858818,0.3717131753062181,0.49241068542202315,0.816978999662867,5,3,5,4,1
0.6699557868244671,0.3593227361293442,0.5090240619670677,0.8175241441185491,5,4,3,4,1
0.6640017329578413,0.35771841648368385,0.492603930935872,0.816549173375861,2,1,3,3,1
0.6679017422832908,0.3875582413479704,0.5226625966260603,0.7908963141015851,4,2,3,5,1
0.6972198496534774,0.40597353045052287,0.50607424117429,0.8135251739050372,3,1,2,3,1
0.7010105061151161,0.423444897201978,0.5150310593928715,0.7810579823751853,3,2,2,3,1
0.7025607404380138,0.4399179001390644,0.5004359422137903,0.7873250315717395,3,1,3,5,1
0.6981705062940937,0.4276898855836527,0.47833432640150114,0.7857925896901602,3,3,4,3,1
0.6793010331510102,0.41613069948679715,0.4708117770392984,0.7852076803308647,1,1,3,2,1
0.6853387756001333,0.4052675574315179,0.4703879500044199,0.7908592645348588,4,4,1,2,1
0.6934070121232069,0.3948760815999405,0.48396774615815275,0.7962218474955035,2,4,3,2,1
0.700458457385095,0.39800417955994194,0.49665697286877386,0.801312472252319,4,1,4,4,1
0.687115164732937,0.41079966414674945,0.48916275254011937,0.8044007369816539,2,5,1,5,1
0.6499832606124639,0.4011708246757178,0.4771515542811945,0.7852616449396653,2,2,3,4,1
0.6546740359807535,0.4093413362621931,0.44833797755200794,0.7670768879626968,1,3,2,3,1
0.6494845980373981,0.40933917890481286,0.44361985373651386,0.7480764487723555,4,2,3,4,1
0.6379469415746122,0.4285024335777504,0.4552371245621582,0.7267765134065982,4,3,3,5,1
0.631813807585391,0.41928460510093263,0.4512198563911661,0.7221707971517118,1,1,2,5,1
0.6390905575242609,0.4039271142595953,0.4515043942699136,0.7030533843450115,4,3,2,4,1
0.6435598040070004,0.3954587708042969,0.44177232647462744,0.7092400350338841,1,4,4,4,1
0.6304260689966233,0.38738818364502553,0.43275685464705843,0.715166857686199,4,4,3,3,1
0.637817547616691,0.39924504796125576,0.4441069977266733,0.7150028536066486,3,4,4,4,1
0.6112343803461133,0.37649730224484984,0.44832551855393715,0.7204880572969484,1,1,2,4,1
0.6029701110083703,0.3884877387401412,0.45893804159234125,0.7184135295145573,3,2,4,4,1
0.6083283795629593,0.3809646425603243,0.4672167248743975,0.7031344236408776,2,3,2,4,1
0.6155579100876225,0.3924282602906888,0.46637541533831384,0.7197849482055788,3,1,1,3,1
0.6214847792038534,0.3852932010126762,0.4749977537293561,0.7203491025404055,1,1,2,4,1
0.6185340270459115,0.3959326897250242,0.47384171383717405,0.7060755468293763,4,1,4,4,1
0.621435001205775,0.38883090960160255,0.47990527488625745,0.7003660512984821,2,2,5,5,1
0.6102601519155149,0.39781953359772604,0.47017045076710456,0.6924250893489267,2,3,5,4,1
0.6158477520484333,0.4080012442201258,0.4626812812379142,0.6966224187908117,4,5,2,5,1
0.6199039713025899,0.41944984834560994,0.471612683518854,0.6934481449270528,4,5,3,5,1
0.6188331009653072,0.4151373945359232,0.47546352522034935,0.6922576593765055,2,4,4,2,1
0.6220539523884345,0.42431455162926823,0.479403087092394,0.6897911264656165,1,1,1,4,1
0.6297420588626597,0.43312454611773565,0.4872196861550661,0.7065538575319327,1,1,1,4,1
0.6222021695351887,0.4188506728827903,0.4715623043688141,0.6910984431825218,2,2,2,4,1
0.6201251529702937,0.4255799024427175,0.47179205465863006,0.6891878348472933,2,3,4,4,1
0.6251643546187631,0.417897198909886,0.4880839817678844,0.686071645572661,2,1,4,2,1
0.6376725287606624,0.42376493021780104,0.49752790402086855,0.6919920164451627,1,1,2,2,1
0.6322577562931856,0.4187387482268636,0.4941742229984855,0.6903871820964348,2,3,5,5,1
0.6203597571075389,0.4127491339710041,0.4729574515829458,0.6774571431698659,4,4,2,5,1
0.610999437691068,0.41756700348570397,0.46941520227461786,0.6778561494866685,1,4,1,4,1
0.6112113132801252,0.4064936411285934,0.4768882275946937,0.6853468684256531,2,2,5,5,1
0.5883007817696411,0.39423571106588856,0.4817687220917699,0.695715389248,4,1,3,5,1
0.5984047168890201,0.37431867175387806,0.4661424422794962,0.6828700902448593,1,5,4,5,1
0.6036348519477718,0.3822157995912237,0.4730533168648925,0.6871681679261867,2,5,4,2,1
0.6079096617900038,0.38195562305720243,0.46527304599575925,0.6693688425124517,5,1,3,5,1
0.605948650295935,0.4011287541073195,0.4636610264397308,0.6636594283844708,4,5,2,5,1
0.5990231196504787,0.39032147562640324,0.4457424607978588,0.6547144955128429,4,3,4,5,1
0.5977834298452438,0.3969937654896969,0.4510711918171145,0.6591412327498578,2,1,2,4,1
0.59159930390328,0.4007313713482079,0.46190450000333527,0.659320559365826,1,2,4,3,1
0.5805126829418767,0.3832201563655601,0.44207105439372063,0.6590675413854242,2,4,4,4,1
0.58298296739638,0.3928978527501262,0.44659735358376207,0.6625197991720249,4,4,2,3,1
0.5859505913092398,0.39189991506552924,0.44779779638401995,0.6588362774249625,4,2,3,5,1
0.5790438079125448,0.3871054481007474,0.4435560363768271,0.6562912087997524,2,2,2,5,1
0.5805359884996812,0.395319838634433,0.44499496920394227,0.6653379876348849,1,1,1,4,1
0.5812022320637252,0.38853274285682227,0.4485469845312827,0.6728246896990995,4,4,3,4,1
0.5747749584842216,0.38746172720707156,0.44175496988831786,0.6732640155739404,3,2,5,5,1
0.5710138999255538,0.3717463455512502,0.4367239870350389,0.6701284939516478,2,3,5,4,1
0.5731214829060597,0.3747615757610966,0.4428544432061647,0.6708591408124804,3,1,4,5,1
0.5778887930940746,0.3809149887527646,0.43015533686730584,0.671509071449655,3,5,2,5,1
0.5801186794674179,0.37198504603621796,0.42234849917525613,0.6687372673055664,2,2,3,3,1
0.5681958268553624,0.38106463983408256,0.4094561331844127,0.6711285046577256,2,4,3,4,1
0.5610445685870734,0.3757022652112095,0.4153449675944376,0.6744326220480983,3,1,3,4,1
0.5444459293025153,0.37929874021451176,0.41387649204361754,0.6692654214428738,2,2,2,4,1
0.541752675951235,0.371370370880871,0.40448686098901676,0.6561786135115789,1,4,4,2,1
0.5373828744333903,0.3766845392502806,0.39040899825915654,0.6407785824002528,3,2,3,4,1
0.5325262862597885,0.37366229870088824,0.3828650554875331,0.6334560256132421,5,1,1,2,1
0.5359832710599916,0.37041709796870576,0.38753110968031146,0.6288879428261087,2,2,3,5,1
0.5270474139715655,0.3738419192297765,0.38176582370025475,0.6224588082909024,3,1,5,2,1
0.5237421754682497,0.37201328753122354,0.38104682531682166,0.624773773442705,2,3,3,4,1
0.5259033083675575,0.3681308410826309,0.38323912069344174,0.6260539906275754,4,3,4,3,1
0.5279751437050566,0.37131735673653915,0.3838564848419602,0.6265787196197593,1,3,5,5,1
0.5327533202301159,0.3662664919051233,0.3885661130039135,0.6226232365375702,2,2,5,4,1
0.5272471136130643,0.3653996504834164,0.3951355358897795,0.6140705409044631,5,5,4,5,1
0.5327267140571728,0.361895823893053,0.3918768412548372,0.6186600808827177,4,5,3,5,1
0.5329295229968726,0.3638728970791418,0.3880612794218591,0.6154304587572889,3,3,3,4,1
0.5337280185314544,0.36085516838510084,0.38804434915097613,0.60933147522508,2,1,1,4,1
0.5373913059875455,0.36649709832813565,0.39252775149528857,0.6127842530754182,3,3,3,4,1
0.5225507262804058,0.36850856921864433,0.3842408181360003,0.6142812179469127,4,2,3,4,1
0.5168562289894882,0.371635816303878,0.3800648894296866,0.615558007359808,2,2,3,2,1
0.5197475966093276,0.36569851470462483,0.3702857578919029,0.6078077209355958,3,1,3,5,1
0.5120646109854549,0.37117068091877903,0.3677942577375065,0.601830620407804,1,5,3,4,1
0.5077045486326766,0.3705447131610878,0.36424305537067514,0.5961004069705061,3,3,4,5,1
0.5077587370414833,0.36726555640744984,0.36578675785840215,0.5908251821300591,3,2,5,5,1
0.50777623125586,0.36790337081650576,0.37116405460150775,0.5942782439686628,5,4,2,2,1
0.5037544247642537,0.37209368448616753,0.37165026699974785,0.5958697384358056,2,1,1,5,1
0.5020885228184727,0.3756137236708378,0.36844638538768115,0.5975549175054727,4,3,3,5,1
0.5034190069764598,0.3694377145126317,0.36504445372010047,0.5946796257013319,4,1,2,3,1
0.48887310727759037,0.36332567430268475,0.3668138106284312,0.5903056994378565,1,4,1,5,1
0.4866445454012516,0.3664303760534512,0.3690100228678655,0.5877470922529386,1,3,2,4,1
0.4867564909194385,0.36839743809731046,0.37256940546943784,0.5890556525250279,3,2,3,4,1
0.48513938697870895,0.37509310875585783,0.37388098359711597,0.591617014626193,1,2,2,4,1
0.48473702079947173,0.373765005816562,0.37659460734001565,0.5920937941256526,1,2,1,2,1
0.47561198194667026,0.37678010493005804,0.36718548492144515,0.5872135362793341,4,3,4,4,1
0.47818194002691256,0.38181656993527807,0.3722108828206629,0.5943358480938895,2,4,4,3,1
0.47965159683413316,0.3770245227168524,0.37710723435524646,0.5944992809044432,3,4,3,4,1
0.4816247932263241,0.37507774145464384,0.37073399772029003,0.5971646845380904,1,1,2,1,1
0.4788008969614568,0.37572107664253424,0.3678091655430107,0.5939823035740271,1,2,4,2,1
0.47653355385989965,0.370417379451329,0.3719054667905529,0.5980120663026005,1,2,2,4,1
0.47692529284150864,0.37286991449338414,0.37336249591239007,0.5958830814509738,4,1,1,4,1
0.4797822614531623,0.3754902544439318,0.371133816722732,0.5971517449777907,2,3,4,4,1
0.47596943749744647,0.3733836688446652,0.3657514997636563,0.595829561571947,4,2,2,4,1
0.4744086717410664,0.3768383846527099,0.36540656044835573,0.5965125303126778,2,5,4,4,1
0.4685963691207937,0.38200690136824533,0.3570293962231438,0.600237423581206,4,2,4,5,1
0.4726120802959541,0.3789937278509889,0.3530228581555591,0.6002036260592494,2,2,4,5,1
0.4717952502223003,0.3738519815059662,0.35123064042387825,0.6020704316705605,5,1,4,5,1
0.46197176651701605,0.3681455664180423,0.35361067826812725,0.5994829225163045,4,3,3,5,1
0.4652230886280883,0.36975296287528636,0.3545298647104416,0.595981963521207,5,2,2,4,1
0.46677585154511136,0.3648935792805353,0.3592496277495879,0.5991525366486452,2,1,3,4,1
0.46887407620760324,0.3663517084197396,0.3585725269083831,0.6000294868960283,3,1,3,4,1
0.4649526292559659,0.36713844123174305,0.35399991476761566,0.5997780270631687,5,5,1,5,1
0.45964426000621816,0.373083372573464,0.3509840400796174,0.5966559490987161,3,4,3,4,1
0.4611793978233542,0.3792123581888628,0.35355546591060266,0.6002017332754285,1,3,3,5,1
0.4611630359683457,0.3795046989830692,0.3426216987865318,0.5989724824552737,3,1,4,4,1
0.4591833735969296,0.3848400193103513,0.3429180053277415,0.5913990976157868,4,4,4,4,1
0.4602760838209501,0.3835974447645578,0.3412801825974665,0.5883077814987134,1,1,2,2,1
0.4642055116522524,0.38229325001544173,0.3405685328897014,0.5864947381001608,4,2,2,5,1
0.46353666261301135,0.38273489943975314,0.3426709637430766,0.5865079501013633,2,3,4,4,1
0.46036386974022525,0.38342085674057075,0.34270397571488787,0.5891231387628556,1,1,4,5,1
0.4595505417099356,0.3760835276573469,0.3383659097383733,0.585588397949514,4,2,4,2,1
0.45337099348507093,0.3689791897262318,0.3401697170787409,0.5838911659692191,3,1,2,5,1
0.4529153844900222,0.3683409987061486,0.33788759661041956,0.5827035946590818,4,2,1,4,1
0.4511270372566682,0.36039667349959675,0.3348200863476873,0.5831471452355825,4,1,1,5,1
0.4526934241213357,0.358483739922829,0.3348787140646328,0.5844408267656019,2,4,4,5,1
0.4530617342204471,0.3611189290609641,0.3343598838791495,0.5842381084783957,2,1,4,5,1
0.45078707562628473,0.365696233439436,0.33408700768230964,0.5812169878353999,5,2,2,5,1
0.45108124340463673,0.36820663235929235,0.3328241570515802,0.5790842992264944,5,2,3,5,1
0.4493987960213513,0.36795239123607976,0.3309894595268068,0.5781230065086919,4,4,2,5,1
0.44971099631771283,0.3660027226861753,0.32745712716943776,0.5753722116467747,1,1,3,5,1
0.45367147560516363,0.3704890378352656,0.32863764388737987,0.5735966190115197,2,1,4,3,1
0.45094507622148805,0.37104886504630274,0.3309755123057538,0.57158628446018,2,1,3,2,1
0.4503518464070707,0.37074379512801936,0.332538979124938,0.5731186850217485,4,1,2,5,1
0.44365679627193905,0.37741447951469664,0.3260746616361582,0.5677067677272144,5,1,4,5,1
0.44687324398955186,0.37291803142768004,0.32603069380711014,0.5722860087858243,5,2,2,5,1
0.443585300064797,0.37248216676902,0.32355842704599447,0.570864395022911,4,3,1,4,1
0.43836103535296306,0.36854245101269384,0.31925082796022675,0.5657665829006355,4,1,3,4,1
0.4400198465012694,0.36810489382792055,0.317561975916383,0.564554003032221,4,1,3,4,1
0.4467666568920305,0.3683193189732509,0.31790066510144777,0.5614144102259202,4,3,4,2,1
0.450613938458584,0.3652799050796079,0.3148567743752928,0.5567434294823668,1,1,2,5,1
0.45094179989635796,0.3689547973205257,0.3102548225623642,0.5528898951979374,4,2,3,5,1
0.44907565482889156,0.3727846267488537,0.3141302973387827,0.5548012673576379,1,1,2,4,1
0.4496610356535623,0.3734490120888386,0.31574805107658593,0.5509810519174153,4,1,3,4,1
0.4541551441821859,0.3748296660400201,0.31197029838971363,0.5504274780444101,2,1,3,3,1
0.4551889554526169,0.37383988547599667,0.31147938679077336,0.5490019833784463,2,1,5,5,1
0.455104323553908,0.374243582765931,0.31686716922887215,0.5479399437297602,2,3,3,4,1
0.4563529886321307,0.37843208270401124,0.3180958747658777,0.5481634398305039,2,5,2,5,1
0.45398512128811724,0.3789807947702451,0.3175197616773954,0.5462115413991561,5,2,3,5,1
0.45536210496204743,0.3777697468494753,0.31922823714123594,0.5475420480177388,4,1,2,4,1
0.4514987292201998,0.3769608325687697,0.3224025053754286,0.5454204632479831,3,1,3,4,1
0.4490277137561673,0.37432188781155096,0.3226933482005165,0.5471398046417765,2,1,3,4,1
0.45080163013586555,0.3720238851530622,0.3179921580315744,0.5444750857433961,1,2,4,4,1
0.4478325905412603,0.37556070163375216,0.31478168822554026,0.5438981633422358,2,1,1,3,1
0.4496548277501385,0.3745158559978617,0.3195293195075842,0.5392761780741517,3,4,4,5,1
0.4469709259439657,0.3747116717148544,0.32232629817032166,0.5398843193353593,3,2,1,1,1
0.4467658438280934,0.3743574425947326,0.32386955196436273,0.5384119537423083,5,1,4,5,1
0.44524939806172115,0.37200361647346625,0.3244005129423878,0.538760285703896,2,1,3,3,1
0.44463025964663144,0.3715347396434577,0.3219283366050226,0.5352043659471993,4,3,3,3,1
0.44104572647360585,0.3703452911811607,0.32006045379355086,0.5316740221339482,1,4,1,4,1
0.43877477896032097,0.36761704641143755,0.31867127873485657,0.5266054164522952,3,2,3,4,1
0.4355377711754457,0.3652431052369719,0.317381440345425,0.5258747364969485,4,1,1,3,1
0.43288027944512353,0.3616088480968551,0.3173565867672087,0.526502379339339,1,2,1,3,1
0.4328879993609925,0.3632420339734529,0.3151676808599453,0.5274232278664537,2,2,2,4,1
0.4333512289514316,0.36273951915056274,0.31677647940587567,0.5269030134499929,1,5,4,5,1
0.4333711778608351,0.362777988677227,0.3115566831547659,0.5227916294966367,3,2,2,5,1
0.42797749103736726,0.3613843081689883,0.31036650419648065,0.518573764157232,3,1,2,5,1
0.42952047313990926,0.35854109711394017,0.305455287964735,0.5157618363907588,2,3,2,5,1
0.4285850955165444,0.36153007578081586,0.3022592786364389,0.5174523380271019,1,4,3,5,1
0.42651678797799186,0.35866558569046997,0.29976795128217343,0.514659344832183,2,1,4,4,1
0.42404100650424287,0.3589733153115255,0.30066714360685537,0.5129233589063495,1,4,4,2,1
0.4214858353155503,0.35715950928376644,0.3003081745540432,0.510361078268531,4,1,4,3,1
0.41795168889372725,0.3548358300150457,0.29959622203945685,0.5071737020763247,5,5,5,4,1
0.4196668020064333,0.35608066101271413,0.29825671494095196,0.5037006948876745,4,2,4,5,1
0.41717156365757124,0.3584555616374814,0.2977554024356414,0.5041929415418556,2,3,5,5,1
0.4162696753009045,0.3543928176459894,0.2951059481672351,0.49762425941668675,5,2,5,3,1
0.4120014011522364,0.3537415147748844,0.2980938580641944,0.4975316307590644,4,4,2,3,1
0.41100432540093745,0.35515262631451494,0.2975575458444567,0.4915133908754471,5,3,4,2,1
0.40958777844987754,0.35607471473943075,0.298002170574012,0.491101817304169,1,1,3,3,1
0.41003501167972484,0.3515129385108402,0.2943441917859613,0.48670096799491963,5,1,1,3,1
0.4081620492570466,0.3499870701737239,0.29532371949192726,0.48586014747990686,2,1,3,3,1
0.4073130502932775,0.3450837687178158,0.2946518196746468,0.48291549799186206,1,2,2,5,1
0.40463041220553225,0.34445706501766193,0.29444322034545595,0.4815569482336791,3,3,2,5,1
0.40290136974871094,0.34333721136973333,0.2915591504028722,0.47788134442284375,3,3,4,4,1
0.9847328244274809,0.0,0.0,0.9847328244274809,3,1,4,5,2
0.9690201087117949,0.0,0.4494163424124514,0.9748566845872813,3,3,2,4,2
0.9675993088915638,0.0,0.29961089494163423,0.9714903594752213,5,1,5,3,2
0.8045033188372626,0.0,0.2247081712062257,0.7412451361867705,2,1,1,4,2
0.84360265506981,0.0,0.3785689321745614,0.7929961089494164,1,3,1,2,2
0.824083336623976,0.1435997068698127,0.36780501484232686,0.6300813008130081,2,1,5,2,2
0.8503387961807756,0.12702151153043467,0.32325117221702415,0.8254345932434479,5,5,3,5,2
0.7197795103588864,0.11114382258913034,0.28284477568989613,0.7581079822663115,2,4,5,5,2
0.7076524162849185,0.09879450896811587,0.3591098860833265,0.7618984824691042,2,1,5,4,2
0.7262205079897599,0.1782483914046376,0.32319889747499386,0.7803753008888604,3,4,3,2,2
0.5849235644950045,0.16204399218603419,0.3556220492155091,0.6907693612059543,4,1,4,2,2
0.5361799341204209,0.14854032617053134,0.32598687844755,0.7165385811054582,3,2,1,4,2
0.5666306187997312,0.21403722415741352,0.37691280718972375,0.7368496536567186,2,4,3,5,2
0.5431390010189566,0.27039159176099037,0.4214190352476006,0.7344086274914166,4,1,3,4,2
0.5605110830814676,0.30819471388661235,0.4402150294240797,0.7495798479182756,5,2,5,5,2
0.583638862611098,0.35143254426869913,0.47520159008507473,0.7652311074233835,4,3,3,1,2
0.6298981217103631,0.330760041664658,0.45050788767217154,0.7836550648979753,5,5,3,5,2
0.595205534125556,0.3135274187125139,0.4274679999769463,0.7843816288005739,2,5,3,4,2
0.6005986333086663,0.29702597562238153,0.40496968418868595,0.7923639910546442,1,4,4,3,2
0.6061096170385173,0.31431753398411966,0.4174844632011265,0.8022880938597481,2,1,5,4,2
0.5868763631576981,0.33453012042748825,0.4314442369306023,0.8024846354651197,2,1,1,3,2
0.618556893570538,0.31774833062149344,0.42606499397573855,0.7706775178412886,1,2,2,3,2
0.6355634383943489,0.3039331858118633,0.40782671845338847,0.7998261677566868,3,5,3,3,2
0.6505560232257924,0.2912705289745427,0.39211632590013656,0.7858804675067219,1,1,4,2,2
0.6739158610952934,0.27990835179966345,0.41566875777751733,0.8021684925566546,1,1,4,4,2
0.6479960202839361,0.26914264596121484,0.4381430363245359,0.8097773966890909,1,2,2,4,2
0.6613795698470595,0.2799240651424818,0.45337468647405105,0.8159355230495308,4,3,4,3,2
0.6728268722565032,0.30227974147925857,0.4591024357317472,0.8367773398146345,2,2,4,4,2
0.669896873923058,0.29185630211790486,0.4777462538229965,0.8079284260166975,5,1,4,5,2
0.6475669781256228,0.312066316490681,0.4915450067594712,0.8143308118161406,5,3,2,5,2
0.636672174420179,0.31181681974326725,0.4563338775091657,0.7905866863637905,1,1,3,5,2
0.5878909624737467,0.34301975699423026,0.49396284172702987,0.7790693728524511,5,4,5,5,2
0.5984020794606,0.36278126618444445,0.508856786080752,0.7922469838839912,2,1,3,4,2
0.6055461241476666,0.38152299364960784,0.5008979519767192,0.7932121195941344,1,2,4,3,2
0.5881416234530769,0.37047708061962026,0.5147282992869896,0.7991160962090232,3,1,2,5,2
0.5848285954949525,0.3601860506024086,0.5255764484322338,0.8046962046476615,2,4,4,2,2
0.5870404352563502,0.35043202015283725,0.538398706582714,0.782867280800558,1,1,3,4,2
0.5979077922232884,0.36752604697540603,0.5505461090410637,0.7744901136964014,2,4,4,4,2
0.5825840956609394,0.38336062594695125,0.5620705677836005,0.7802724184734168,1,3,1,3,2
0.5680452641914236,0.3986666840523454,0.5727980793014533,0.7857617789557847,3,3,3,4,2
0.5376923390104634,0.39050616608187394,0.5549859663330518,0.7894385145058371,1,2,1,5,2
0.5420871367989636,0.3837761889386354,0.559018336906914,0.7861639705869559,4,1,3,3,2
0.5428304556018579,0.4004589009095319,0.5437392887987489,0.7708722658761028,5,2,2,5,2
0.5395989113876186,0.397978506255783,0.5372889273185342,0.7688675009967741,2,1,4,4,2
0.5117280984137529,0.39256279789346255,0.5275174364942353,0.7548723359078426,4,1,3,5,2
0.5149801007877256,0.403343867337111,0.5208161775767269,0.7494550906164656,4,1,1,4,2
0.5298628851253517,0.40384825805079794,0.5184498178339226,0.7413230147250582,1,2,3,5,2
0.5353162102217949,0.4160956447582104,0.5070340979961471,0.7458916722612704,3,3,3,4,2
0.5446384676652188,0.4075955992923,0.4967178547815999,0.7327873328752105,2,3,3,3,2
0.5535458141129053,0.4193997888221237,0.506788777858524,0.7383719247341954,4,4,3,4,2
0.5616119451600932,0.4034132340618269,0.4999578456131694,0.7435442773377583,3,4,4,3,2
0.5700424846762452,0.41488897637374933,0.5095740408898393,0.7410263607084286,2,3,4,4,2
0.5629587117487764,0.42046555251716583,0.5077631697011938,0.7131569878947,2,1,3,3,2
0.5758483322793607,0.43119734426794765,0.49793347010464145,0.7184551470987772,3,1,1,2,2
0.568538620575683,0.43529017050657415,0.48888013428455707,0.7234845788174472,2,3,2,5,2
0.5588961385035344,0.42405078937914725,0.47648183795957727,0.7187925826398194,1,2,3,4,2
0.5608156138546574,0.41661130184617984,0.48468476593358817,0.725384540496738,4,3,3,2,2
0.561582452347328,0.40722450837452046,0.49613917032995536,0.7248050609869463,4,2,5,3,2
0.5579200986093225,0.39137056908427037,0.5071269872007943,0.7266929538025971,4,3,3,4,2
0.5651617329116075,0.40516515255968694,0.5033610028712651,0.7281780730378916,4,2,5,5,2
0.5559828146788465,0.41386740587216403,0.5057449937959666,0.724014399991853,3,2,5,4,2
0.5609297840653451,0.42310082740326865,0.5136354489283391,0.7332555475253357,4,2,2,4,2
0.5672063185578635,0.416385070124667,0.5258995782419539,0.7378898856556927,3,1,2,4,2
0.5514643454525674,0.4170107251648657,0.5078755676311149,0.7189293101704647,2,1,4,3,2
0.5484272337499198,0.4105951755469447,0.5003401157288045,0.7079389423743379,3,1,1,3,2
0.5628867509875642,0.4288197567033767,0.5021268410733737,0.700187937330126,3,1,3,4,2
0.563302961341305,0.42169569394160605,0.4997801500469734,0.7153883019894841,2,1,1,3,2
0.5792367671341337,0.4060478567620312,0.5053402604499204,0.7201615897787667,2,1,4,4,2
0.5785757541495807,0.40110816360176127,0.5041637561802134,0.7223822231308108,3,1,1,4,2
0.580870623773483,0.381376169143622,0.4996639019724577,0.729116566513841,3,4,3,5,2
0.5829448593567854,0.365331541501034,0.5037477355251111,0.7314805015981701,2,1,3,5,2
0.5880266533615003,0.3832828756404105,0.4965661782569092,0.7211431197723239,5,1,3,4,2
0.582389638984022,0.3922570304739326,0.4993213649142429,0.7204777514790606,5,2,5,4,2
0.5854463657082165,0.400469773305366,0.5059185663763482,0.7242625348106528,3,4,4,5,2
0.5754632359582025,0.4004877895084919,0.49233235749780324,0.7105213505792346,2,2,5,2,2
0.5694939006113718,0.4057291249657358,0.49757530463692584,0.7035236484244506,5,1,4,5,2
0.5539911339573785,0.4011163904654585,0.49485386724768693,0.682656022073815,4,4,5,5,2
0.5534630800743526,0.4087943854594911,0.50027031175849,0.685242419393947,5,2,4,4,2
0.5438638934130949,0.40354283523604856,0.49452523809922316,0.6927304947420054,2,1,5,3,2
0.5514488111966325,0.4044956459079108,0.4784889800196531,0.6856070370067346,5,4,5,4,2
0.5568591861820942,0.40726819554903243,0.4732237249923445,0.6881332756227617,5,1,5,5,2
0.5579043558027003,0.41212300667908813,0.46402551600210973,0.6834559990294221,3,3,5,3,2
0.5551144339385065,0.4162728222872151,0.46168138285216115,0.6893266777819307,2,2,4,5,2
0.5601097369820843,0.41748360469213697,0.46513303604345424,0.6970324448288409,3,1,2,5,2
0.5647764677813784,0.41291860855089774,0.4626063939349526,0.7014273423590337,5,1,5,4,2
0.5547059745363604,0.4139424787428484,0.4521675062001346,0.6928748989137126,3,3,2,5,2
0.5582768742425397,0.414167794730865,0.4472768585565947,0.6932343868896289,2,1,2,4,2
0.5618767276087456,0.40800101032066605,0.4461618101222054,0.6872068875764537,2,2,5,4,2
0.5654189625796272,0.41359411867477897,0.4365608481129587,0.6813466685734441,3,5,4,2,2
0.5579333823253303,0.4076311126976119,0.43107312310169804,0.6775102513490039,3,2,3,3,2
0.5693633449936172,0.4037954911925391,0.4213728179218356,0.6729538799634138,3,3,3,2,2
0.5634858922622348,0.40822334369946484,0.4271070460351171,0.6649290875759505,2,2,3,4,2
0.5743095752387422,0.4043074311528973,0.4193970683281301,0.6592640655411484,2,1,4,3,2
0.5826069882949934,0.4005900039457917,0.413986967487026,0.6466596385175385,4,4,4,2,2
0.5660900196063073,0.3902297828531433,0.39876561630298785,0.6483090635727328,2,4,3,1,2
0.557931307216977,0.38063525229428913,0.3959618353345606,0.6429401375464145,2,3,2,4,2
0.5593766565270288,0.37670750312466195,0.393014135438336,0.639354560898936,2,2,5,3,2
0.5559116380592509,0.3761515636207237,0.3912743779474529,0.6401841511452111,1,1,1,5,2
0.5434063535283313,0.37821831903009134,0.3888712111639761,0.6297420069533403,4,2,3,4,2
0.5478294827639936,0.38298409736263855,0.39268030880089017,0.6317872495320553,5,1,2,3,2
0.5474530359815123,0.37932518201244236,0.3901291168481504,0.6261418524100799,1,1,5,4,2
0.5477611125426435,0.3836435618039631,0.3953861684174715,0.6291384522036213,1,1,5,2,2
0.540767174526331,0.3900839776817952,0.38567370057740563,0.6204500430469683,3,2,2,4,2
0.5429398403998882,0.3855474185400183,0.39237567787419897,0.6293479304186491,2,5,5,3,2
0.5403490263709362,0.38500144787849233,0.3879329894740754,0.624355623892487,3,3,3,4,2
0.5341126968735385,0.38963253960890293,0.3839001057313547,0.6233416904573172,2,1,3,2,2
0.5361747356946402,0.38549716423615316,0.38849871212673875,0.6254055042115717,4,1,3,4,2
0.5394068463027162,0.3740360010381479,0.39638228466108055,0.6052507711612976,1,3,3,4,2
0.5387929902553633,0.37712555723559127,0.39266763678641553,0.6066338507010453,4,2,3,3,2
0.5345338597024849,0.3802585636457251,0.39749530168210884,0.6166464475563036,5,4,3,3,2
0.5376787996066751,0.37720919223168176,0.39146551814752345,0.6073780222985526,1,1,4,4,2
0.5295015425428213,0.36760424531023733,0.378842000075697,0.5994797816847479,1,2,1,5,2
0.532352908411799,0.3643542717421988,0.38153554969216674,0.594046097318313,1,4,2,1,2
0.5321904148660989,0.3701555932779797,0.3868006169731758,0.5974513918418104,2,5,1,5,2
0.5275271739820316,0.3668120780850977,0.38281630086760154,0.5996692636793562,2,4,1,4,2
0.5297709544080923,0.36828440722010175,0.37952496368682653,0.6016476931026513,5,2,1,5,2
0.5197460186434674,0.3639268275241907,0.3717409166990844,0.5970072279636846,1,1,1,3,2
0.505339678860646,0.36538632162036877,0.365677249471684,0.5866825277104959,4,1,1,4,2
0.5025567618314913,0.3560043491226033,0.36175373685198264,0.5842335548319866,1,2,2,3,2
0.5007450196792921,0.35533515031289703,0.3652826215532778,0.5834510799153817,2,3,4,4,2
0.49468611875216356,0.35216477099635607,0.3682342686138133,0.592151680066156,4,1,4,4,2
0.4977444932214064,0.3573735234070955,0.3700503143605059,0.5950548838151024,3,1,2,3,2
0.49408387938906884,0.3549266081806842,0.3642564669010915,0.5922907707918562,1,3,4,4,2
0.4912027816386984,0.3568982074326904,0.3705133047793497,0.5968415578811266,4,4,3,3,2
0.49046933771494483,0.3574935086854786,0.37249724800542827,0.5932190922159242,1,4,3,4,2
0.4924792612413766,0.3544363710018556,0.3779985197508094,0.5897672432330686,2,3,4,4,2
0.4922479965179698,0.3581768817826033,0.37840093757835425,0.5881373620578908,2,1,3,1,2
0.48816965787884814,0.35924357107376315,0.3784147951938164,0.5913136479203005,2,2,3,4,2
0.49104576822311247,0.36634264053285964,0.38142683915192366,0.5931487812665451,3,1,1,3,2
0.49002469902919393,0.36317900332512715,0.37879862513152746,0.5914865941809089,3,2,4,4,2
0.4799459372127338,0.3632221421316257,0.37336507278707926,0.5903480283166053,2,1,5,5,2
0.4789499571978739,0.3643004402097463,0.37253427980273296,0.5869073786879617,5,2,1,5,2
0.48668222470944694,0.3692413437619372,0.37701623878409557,0.5866737116230544,4,2,4,4,2
0.4812561565975454,0.37299453194814003,0.37871038623030634,0.5830892457144973,2,3,4,5,2
0.4827372911067832,0.371745241008014,0.37496935097674633,0.5818514103478672,3,5,4,5,2
0.4802503295128801,0.3635411287669582,0.3774591789493273,0.5814645063749896,1,4,3,3,2
0.48345654713278646,0.36371297865403446,0.3815303056387941,0.5802336174147211,4,1,1,3,2
0.48137667086631686,0.3688462982480091,0.38531377475880335,0.5824032718248624,3,2,3,2,2
0.4811012924984859,0.36442568186401164,0.3853216333944885,0.5810057814496624,4,2,4,4,2
0.4761041050175171,0.35771679649210913,0.38517971412356694,0.5803781036490637,1,2,1,3,2
0.46972408863374,0.36148026887167334,0.3824131639285269,0.5810266465552393,4,3,4,4,2
0.4693552072870507,0.3692084434656876,0.3772908874169517,0.5824950907794255,5,2,3,2,2
0.4614132433259611,0.3573994656759969,0.3685614105093607,0.5832809788063488,2,4,2,5,2
0.45942442734198163,0.36197594815281575,0.36798226746751234,0.5815294272882061,1,2,3,4,2
0.463240643205468,0.3585186583573065,0.3668301981491369,0.5822895654080832,2,2,4,3,2
0.46281864692770175,0.35402168477996165,0.3647774053648695,0.5814344820425073,2,1,3,5,2
0.4570150549695827,0.35645513762049325,0.36606046942662984,0.579848999006712,2,4,2,5,2
0.45690007944396066,0.3568443111769619,0.3662231893842604,0.5794184967609124,4,2,5,5,2
0.45504071851907146,0.3552906915404441,0.36342460835411894,0.5780014910267326,4,1,5,2,2
0.4465872483866098,0.3584102454904075,0.3597575863413692,0.5788007570444216,5,1,2,5,2
0.44759593901200107,0.3551838532703414,0.35920928314009226,0.576540823653253,2,1,3,4,2
0.4448672769590826,0.3469949839033054,0.35642579095560545,0.5732223996089548,3,3,2,5,2
0.443124076750387,0.34875539067084943,0.35606951921144187,0.5706312061631352,5,1,2,5,2
0.4407868451446324,0.3489887042738764,0.35910612536883496,0.5662689171626054,2,3,2,5,2
0.43953668242332394,0.3479606894967489,0.35458033614027695,0.5647768967315108,2,3,3,4,2
0.4451438650191197,0.3509977880754476,0.349514891402713,0.5688537243523063,4,1,5,3,2
0.44524626606908435,0.35223909467075937,0.34836878271521,0.5651079493220783,5,4,3,5,2
0.44741724886831225,0.35072812171966905,0.35060402647418176,0.5655858582804079,1,1,5,5,2
0.44688824440461516,0.35538552703518295,0.3461083212535899,0.566376345330229,5,1,1,4,2
0.45003212425643885,0.3584534252328678,0.3485629770372102,0.5666525395008143,4,1,4,4,2
0.4499355713317572,0.359161979381775,0.34804945293676237,0.569022388902854,4,4,2,5,2
0.4487976717153447,0.3561181806364006,0.35148034367571757,0.5625389539650637,1,1,4,4,2
0.4477014893470565,0.3539040489666791,0.3555361853713775,0.56357155012008,3,1,2,4,2
0.4494264378897431,0.35245593443119394,0.35372907332813897,0.5592157750824361,3,1,3,4,2
0.44553623078593385,0.34966975669485956,0.34940720917879037,0.5553960981888268,4,1,4,4,2
0.43996773181253485,0.35029655786143393,0.3542564900636124,0.5543787021837648,4,3,3,2,2
0.4381763152723981,0.3499466000239207,0.35502170607496547,0.5493980839430586,1,1,4,4,2
0.440167793232145,0.3481162171559724,0.35430800365166354,0.5457563774645986,1,5,3,4,2
0.439938424668062,0.3451365917107024,0.35473389933585897,0.5407394247376546,2,3,5,4,2
0.4413354569098648,0.34494714226546286,0.3572466429979024,0.5427440904752123,3,1,3,4,2
0.4429736942656008,0.3452988650674895,0.35658418313942825,0.5413540649111317,1,2,3,4,2
0.4438963569651479,0.34192315712037624,0.3535724535350418,0.5378805816286055,2,1,5,5,2
0.4451871391409303,0.34430783234939916,0.35247855364716996,0.5388998764018239,2,3,2,3,2
0.44320833200333587,0.3438907565732857,0.3529896769371998,0.5394456410251702,4,1,2,5,2
0.4425459274619336,0.3463731623200811,0.3519740340861635,0.5407612650211547,1,1,1,5,2
0.4411348434948673,0.3466068832194602,0.3489578762562196,0.5417576424270077,5,2,5,5,2
0.44368005356859536,0.3448235816573178,0.34837523197141884,0.5427359035840382,3,3,2,3,2
0.445662388223158,0.34194177832590245,0.3465507350868984,0.5426620346690824,2,1,3,1,2
0.44512995313208065,0.3411844972375837,0.3481586545719798,0.5448364799900756,4,1,1,2,2
0.44425984311085104,0.34415527226286163,0.3480684699318222,0.5379996664272451,3,1,4,1,2
0.4402864769113046,0.34629596696677534,0.3477943348728557,0.5340444522051812,4,2,4,3,2
0.4365080670898344,0.3469323436702463,0.34688135856377017,0.5318457516163366,2,1,1,4,2
0.43753477101934596,0.3418396700801816,0.34906681319702404,0.5320411257392305,1,1,3,4,2
0.4377226208353958,0.3420117904896372,0.3477473384272699,0.5330901886816688,3,1,2,5,2
0.43737051839682345,0.34354684041735994,0.3497319494737331,0.5317844208516409,2,3,3,2,2
0.4336847577718497,0.34255180000838714,0.3496349573977511,0.5311234199696456,2,1,3,4,2
0.42934479366089373,0.341388864713186,0.3473147073254395,0.527764129671305,4,1,3,3,2
0.42758399431869765,0.3389345554787132,0.34392661419842857,0.5255206864246883,1,4,4,4,2
0.4226611939861297,0.34049782333675294,0.3442165090930453,0.523810133135656,4,2,3,2,2
0.42444029475109624,0.34210264039229726,0.34353987875843084,0.524771960227161,4,1,1,4,2
0.42324050534207064,0.33933994467631884,0.34543665223233533,0.5268594128556927,3,1,1,4,2
0.42392273356553495,0.33856663726337904,0.3452555785106646,0.5263363427846601,4,3,4,5,2
0.4256091582824145,0.33791520227782934,0.34398683375177297,0.5235490642659355,1,1,4,4,2
0.4165892068049639,0.33861070669921856,0.34027206100076884,0.5220122723242672,3,1,1,5,2
0.414367570930181,0.3321452010202249,0.3378479821618553,0.5182164661114987,5,4,2,5,2
0.41042326326121387,0.33368001694765353,0.33490952406343005,0.5181186383359234,5,2,2,5,2
0.4070859521319019,0.3307511647657485,0.32893909550405603,0.516667500892502,2,4,4,5,2
0.39974331535173596,0.3284471447172054,0.32731952586272167,0.5142084319365313,3,1,3,5,2
0.3990849870061604,0.3276394595888746,0.32781412928043446,0.5120026054930823,3,2,2,5,2
0.39465229814890135,0.3268217671273025,0.3271488731705896,0.502104312220959,1,1,2,1,2
0.3953491814798527,0.3258279885188689,0.32789614377539206,0.5006187811625642,1,4,4,3,2
0.39725188122186317,0.32326833698351504,0.33168258303622805,0.49959344086887053,5,2,2,4,2
0.3998365722896313,0.32139657486778955,0.3299824208946647,0.49582126553021694,5,2,2,5,2
0.39693095347596763,0.3199141444362095,0.32860316947833385,0.4942577440372475,4,2,4,2,2
0.39653718252491327,0.3191228832159396,0.3266423388588259,0.4944624920304892,2,1,4,4,2
0.3939295207227605,0.31678030655506545,0.3257273623280299,0.49612797113404933,4,1,3,3,2
0.3930857822445267,0.31334025727818704,0.3227378383726304,0.49229724983281403,2,1,2,5,2
0.3935335052689358,0.3115932169834873,0.3212286919304381,0.4927696841273368,4,2,5,5,2
0.39356088972502756,0.3147483769686958,0.3200915344154432,0.4909825488218542,2,4,5,5,2
0.39336933473938757,0.3125821847583116,0.32009201421983263,0.4878782890673594,4,2,4,3,2
0.3919095498311461,0.3105318232491669,0.3172470051803192,0.48169154829724814,5,3,5,4,2
0.0,0.0,0.0,0.9694656488549618,2,5,5,5,3
0.0,0.0,0.48249027237354086,0.9672230968010218,3,2,3,4,3
0.32158590308370044,0.0,0.3216601815823606,0.9546538707014154,3,5,2,5,3
0.3161764705882353,0.22549019607843138,0.4875686655985352,0.9017285659757198,1,2,4,2,3
0.45294117647058824,0.1803921568627451,0.39005493247882816,0.921382852780576,2,1,2,4,3
0.37745098039215685,0.1503267973856209,0.49754901960784315,0.737070254005641,5,3,2,3,3
0.46638655462184875,0.1288515406162465,0.4264705882352941,0.8996316462905494,3,2,3,4,3
0.3838212989948254,0.266326747476877,0.37316176470588236,0.849304415665417,5,3,3,4,3
0.4308055359735116,0.32559449412886365,0.4205924585738491,0.8631421663764502,4,1,1,5,3
0.4770583157094938,0.2930350447159772,0.46786654604979755,0.871494616405472,2,1,1,3,3
0.4303867894023989,0.2663954951963429,0.4253332236816341,0.7686276249472321,1,4,2,4,3
0.47629278539042735,0.31463857892998104,0.38988878837483126,0.7757874440804172,3,4,3,4,3
0.5161173385179256,0.2904356113199825,0.4363598028112215,0.7160744451051074,1,2,2,5,3
0.5332524301006326,0.31620183841838906,0.459101319457318,0.7511324488655458,5,3,4,5,3
0.5476327824206184,0.2951217158571631,0.4284945648268302,0.7560190177813869,5,2,5,3,3
0.5663571224082187,0.27667660861609045,0.40171365452515334,0.7712678291700501,2,4,5,3,3
0.5864751041419484,0.26040151399161454,0.4172991258275953,0.7781867150358641,1,5,3,4,3
0.6039742183786213,0.24593476321430263,0.39411584105939557,0.7841668347963879,1,2,2,5,3
0.5721861016218517,0.23299082830828668,0.3733729020562695,0.7955264750702622,2,4,5,5,3
0.575859268431112,0.22965938561316487,0.38698672884380897,0.8500124463987163,2,4,1,4,3
0.5905437375331206,0.2640631333262119,0.40453306963089186,0.8204861859362402,2,2,1,4,3
0.5769951807673968,0.2526401603207325,0.4848637717481536,0.7807558172401318,5,1,1,2,3
0.595421424000651,0.24258024982807472,0.46378273819388605,0.7875279773577673,2,1,3,5,3
0.5831887447531815,0.2824727394185716,0.45702721935771723,0.7983362865890337,1,2,3,4,3
0.5973813149229266,0.2711738298418287,0.4387778784502578,0.7761518827775816,2,3,3,4,3
0.6125879421639066,0.29892689881669704,0.42190180620217094,0.7847614257476748,2,2,3,3,3
0.6720380273720701,0.25104193749566434,0.4377349833932552,0.7691927391220662,1,2,1,4,3
0.6552359233792452,0.24207615401367635,0.4687062776779723,0.7684991161649002,2,4,4,4,3
0.6671243398144436,0.23372870042699784,0.483009168113084,0.7744116935218147,1,2,2,5,3
0.6779144296394201,0.22593774374609793,0.4669088625093145,0.7785278705802896,3,3,3,5,3
0.6857595297732643,0.21864942943170768,0.46001367541194016,0.788128013032521,2,2,5,4,3
0.6354344005057593,0.2196710044483496,0.5033937641853881,0.7347006570915331,5,4,5,4,3
0.643345443003678,0.24296022996824018,0.4935873860947219,0.7424090189407839,1,5,5,4,3
0.6292949763777402,0.23581434085152722,0.5044644528531134,0.7514624761693651,2,1,4,5,3
0.639815510924577,0.2576482168271979,0.5115544745714818,0.7584182185078149,3,1,1,4,3
0.6220428578433387,0.26333069288928057,0.5153483366875458,0.7388130340755802,4,3,4,4,3
0.6322579157394647,0.28323589350889244,0.5283494727648612,0.7448453463806295,2,4,4,4,3
0.6157128857056874,0.30209214771771226,0.5407613287447334,0.7515599425285077,1,4,1,4,3
0.6170889524893144,0.2946423471607601,0.5272429564208826,0.7575410148213089,1,1,3,3,3
0.6264644257661558,0.31206780407274903,0.5354761017513564,0.7635743045578789,2,1,4,2,3
0.6396244779243052,0.34229287281785964,0.5206437682293826,0.7565886996214549,4,1,3,5,3
0.6269901892456285,0.35135196023622967,0.5109569167878881,0.7558131842939874,2,4,3,3,3
0.5952600588498176,0.3572695604919093,0.5032997703164931,0.7299370130864545,3,1,5,4,3
0.6055473607826458,0.3516343653450647,0.5029661605411473,0.7231630289209064,2,4,4,5,3
0.5953847047380503,0.34748999616279486,0.48115236459176275,0.6965855279765915,5,1,3,5,3
0.5928121116353422,0.3606355398736447,0.4798676566186309,0.6864768222049795,4,1,1,3,3
0.5719775309358227,0.3457938485008033,0.4780037284052125,0.6837835951392377,1,1,2,4,3
0.5598494347793938,0.33853661474881314,0.4678987500870526,0.6903437387349086,4,1,3,4,3
0.5690512113115987,0.35180140522920117,0.4787579592689495,0.6966634625403403,2,4,3,4,3
0.5784741292691022,0.3648452398510942,0.48918808025612665,0.6896788413233174,3,2,3,4,3
0.5866030197754659,0.36070863265120623,0.4883301312705173,0.6943934115932624,2,1,1,3,3
0.5753677571324634,0.3537777664536518,0.49817611094725217,0.7002704613703152,4,3,4,3,3
0.5819002065487658,0.3510382361958224,0.4966381969042223,0.7005540007622696,4,3,3,2,3
0.5922697145891564,0.3448103577613054,0.505935956581481,0.7066423145421323,3,2,3,4,3
0.5848431007452101,0.3382771542857445,0.510880779272121,0.7119542438108598,5,1,2,5,3
0.5773723869380699,0.34216629089423106,0.5113038757968731,0.6951675403729884,2,1,1,3,3
0.5725077876702693,0.3507206982159763,0.50507723174264,0.6809780888806289,4,2,5,4,3
0.5759694155002232,0.327839694594473,0.5066733548070735,0.682080829315056,2,4,4,5,3
0.5722585093144222,0.33518189260679554,0.5045371162898548,0.6867890304064248,1,2,2,3,3
0.5915555213857889,0.34586578128875867,0.5115854018902399,0.6919518897834329,5,5,3,4,3
0.5967243146470912,0.3511033828598312,0.5038489437189377,0.6921906133494433,5,5,4,4,3
0.6151411324739865,0.3455787591599362,0.4973144051422459,0.6942025508168908,1,1,1,4,3
0.6216636762218082,0.35448528497259935,0.5099014100765763,0.7036471379839364,1,1,4,4,3
0.6067707813946533,0.357531337604459,0.49743958162013435,0.6873990181144302,3,3,3,4,3
0.6077055789194384,0.35128167072566713,0.5026665431398832,0.6819906767381384,3,3,4,3,3
0.5953219744282328,0.3496574495912332,0.5140609734369936,0.6752640198165079,4,1,4,1,3
0.5983890246341171,0.3398305161608085,0.5170231545462335,0.6719198483555907,3,4,4,4,3
0.5921430885893548,0.35626468727181837,0.5144709440088314,0.6771752611807004,2,1,5,5,3
0.5875967489098398,0.3548809726898819,0.5116803026190181,0.6713964060325254,4,2,2,5,3
0.5855748852760743,0.3596768355119716,0.4996087647566595,0.6688683789807183,5,1,1,4,3
0.5879071129323741,0.34875751889541445,0.5118988117474709,0.6754347150549681,4,2,2,5,3
0.5806993180857902,0.3512438499495924,0.49307394740448135,0.6794244620098685,5,1,1,4,3
0.5677987908919955,0.3461828916195756,0.4981657818388838,0.6659728353680027,3,2,5,5,3
0.5735176436353431,0.34150474443552725,0.49143703715633014,0.6704729964552916,1,1,2,2,3
0.5689642151546963,0.3408922801834217,0.48476513450444175,0.6514848674129229,1,1,3,5,3
0.5678835581923704,0.3535031160779025,0.4726696299383112,0.653954857567856,3,1,1,5,3
0.5699221324590426,0.34882246482791224,0.4568347210419757,0.6335783586511722,3,1,5,4,3
0.5732195956952448,0.35591755255918567,0.45432500797178005,0.6382466870562105,4,2,2,3,3
0.5696960079731801,0.3627137816387412,0.4718665946748983,0.6351006826653666,2,4,5,5,3
0.5702501270537559,0.33712321457150185,0.4644020370764851,0.6207142238596945,1,4,4,4,3
0.5743267597586303,0.3352612192699266,0.4695385529736097,0.6229845952078039,3,1,2,4,3
0.5760835291786164,0.33778241612633203,0.4523700351781749,0.6148610963770569,1,2,3,5,3
0.5804491534005501,0.33170059114720124,0.4476886936067484,0.6154795046536774,1,1,4,3,3
0.5713856050261897,0.3394122275766489,0.4479544649791792,0.6140611335590057,3,2,1,2,3
0.5644279232620905,0.3355225218009986,0.4532781790379925,0.6111661650391453,5,1,3,4,3
0.5543261108520168,0.34358764606211734,0.4494931777724032,0.6111626192372263,2,5,4,3,3
0.5551581630736411,0.346839056337042,0.44704765674267677,0.6121458116729058,5,4,2,5,3
0.5557464572668857,0.3533563187938416,0.447286345588452,0.6096796508803322,3,1,2,5,3
0.5462773690817998,0.3591047195292675,0.44575908512982076,0.6037064510576814,2,1,1,4,3
0.5407051484281704,0.3544675109239537,0.44348854302975926,0.5990521003590561,4,4,4,4,3
0.5403491358923098,0.35005060135767113,0.4399941187966567,0.6062175070280914,2,3,4,4,3
0.5448211434927115,0.3520556771046493,0.44302170617828657,0.609501976007054,3,1,4,4,3
0.5363135734917737,0.349640663572903,0.44708970148192295,0.6034965511477919,1,1,3,4,3
0.541490221470418,0.35758079259348163,0.43842018379754977,0.5990375805995256,4,2,4,4,3
0.544609401827567,0.36492508733523094,0.42690557016682296,0.5856874244912736,3,4,3,3,3
0.5334100750467635,0.36599056641790256,0.41850545434993675,0.5823697593821852,3,5,1,5,3
0.5267447754528073,0.36160409198833887,0.4188022545002795,0.5773844971558967,2,5,4,5,3
0.5209192118701941,0.3611574049812217,0.4204507280414034,0.574711535725115,5,1,5,5,3
0.5207830688456988,0.3679458936321103,0.41160395390822563,0.5693628754862327,4,2,4,2,3
0.5240429738010222,0.3739001596776713,0.41010912324170334,0.5712317078718393,1,4,5,5,3
0.5194709250874253,0.3767945802644053,0.4076955336890166,0.5668116136606715,5,1,2,4,3
0.5176413863167513,0.37373118026414287,0.41212184412659986,0.5644479987361729,1,5,5,4,3
0.5169027604345516,0.3684358798468176,0.3892654826311022,0.5470459511166129,5,2,3,3,3
0.5224690950336582,0.36422089773556393,0.3960926262850392,0.5528472261390311,1,5,5,5,3
0.5200396892035372,0.35949162552741293,0.3947689671970491,0.5472635961010771,3,1,4,4,3
0.5243149659500408,0.36404848020798986,0.39780572255465974,0.5410759162879126,1,3,2,4,3
0.5193066097113813,0.3701854001383645,0.40262108892071147,0.5444904960898658,1,3,3,4,3
0.5102385584566659,0.3731397064703257,0.4094769497585305,0.5466858704407541,4,3,1,4,3
0.5106485267206384,0.3697002732579663,0.4126246946674499,0.5459165493658706,4,3,3,4,3
0.507146962756606,0.3672802005268341,0.4013235710593009,0.5420422986269569,5,5,2,5,3
0.4992160728102011,0.36400423371850493,0.40540209003586314,0.5309566731760954,1,1,5,4,3
0.49217917143749845,0.3567679006365759,0.40388794165814274,0.5278204662880946,1,1,2,3,3
0.4938762345594723,0.3536106625778452,0.40544258446568954,0.5291984758139368,5,4,2,5,3
0.49641831604914227,0.35545204288834165,0.40688320871815264,0.5329313868396198,2,1,4,4,3
0.5005974965703529,0.35111246854134065,0.4079249216196419,0.5358226922689403,1,1,1,5,3
0.5027631095299141,0.3481132532670749,0.4102754793670717,0.5380715977837524,3,1,4,4,3
0.4933390616227563,0.3404770181511257,0.4082365254685278,0.5339425284495549,4,1,1,2,3
0.4833621671639628,0.3404749941064816,0.4089047084783025,0.528939593129351,2,1,2,5,3
0.48485878220818834,0.33547489744866393,0.41005516519890267,0.5258945707225989,2,3,4,4,3
0.48263073824286734,0.33515885252864225,0.408187489928214,0.5270032373180152,3,1,1,3,3
0.4766571976678431,0.33040451883718264,0.40375972500964763,0.5287243284083301,3,3,3,2,3
0.47834432067059357,0.32872545558515154,0.40570342104726903,0.5316806277392832,2,1,1,3,3
0.47117494557643025,0.3258521920548941,0.4062202926689637,0.5233280142815785,3,4,4,3,3
0.47311928019617155,0.3208046318891096,0.4108840175244935,0.5322573492564536,1,1,3,4,3
0.47090828444310556,0.32147100568105536,0.4111855246183977,0.5327208970375681,2,3,4,2,3
0.46827263096488425,0.32526802879473515,0.4107623308902577,0.5327460500038843,3,1,3,4,3
0.4669266022768096,0.329470212578059,0.40786455999993704,0.5285535619508328,3,1,4,2,3
0.46745188249241953,0.3333761793525456,0.41241318183248177,0.5305272783955935,2,3,4,4,3
0.47151063622572686,0.3314529838019615,0.41398538051770656,0.5338318073736598,4,1,3,2,3
0.4750269769998937,0.3302460699688627,0.4213684344378213,0.53574253199124,3,3,5,4,3
0.4701207564019082,0.3236511916048662,0.4154625474914104,0.5289460286506373,3,2,4,5,3
0.46759744166731587,0.3219155557341258,0.41524355353953396,0.5296326241383422,2,2,4,4,3
0.4614272430384113,0.3270147371588108,0.4199066219482188,0.5285198187103147,2,3,5,5,3
0.45600960795307277,0.3190352499832056,0.41673710748251813,0.526712164493037,3,3,2,4,3
0.45841757261159316,0.3166501257033946,0.4197420427326927,0.5288837308128866,2,2,2,3,3
0.44712142076129313,0.3103104690971592,0.4194105759121727,0.525953493539014,3,2,4,5,3
0.45043785551600835,0.3109754378328109,0.42147082979687567,0.5278691755386081,4,3,2,4,3
0.45457435763106635,0.309298446993068,0.42523696171423175,0.5249862417660606,4,4,2,4,3
0.450329800539877,0.3077997117743362,0.4265865897128343,0.5267458601305754,4,1,4,4,3
0.4492379848314866,0.30303820043761587,0.42046538604986267,0.5208140724411902,1,1,2,5,3
0.4471273290982449,0.30600463970611685,0.4172265898561659,0.521118119401519,2,1,3,4,3
0.44897347381108366,0.3034843438670427,0.4129174748138314,0.5216543201897894,5,3,5,5,3
0.4435640190890388,0.3009455757869685,0.4086828397066988,0.5217179608719289,3,5,3,3,3
0.4406489597457556,0.3006467602452265,0.40538333146919076,0.5198171402626559,3,1,4,2,3
0.4439241980396353,0.30178609179428784,0.4048139372488168,0.5190257106068634,3,3,4,2,3
0.444533694435115,0.30415779195783393,0.40340304064942545,0.5190588878326762,5,2,5,5,3
0.4469479331787846,0.3040864493329458,0.40371381401749823,0.5199232578171055,1,2,4,5,3
0.44410921136655324,0.30205404962463933,0.4044930940199706,0.5193222645018378,3,3,5,4,3
0.4422611394811645,0.2999614545385376,0.4005339935727496,0.5166115015476878,5,1,4,5,3
0.44376977577120935,0.29291363679196214,0.40088829465812864,0.518282421651809,4,2,4,3,3
0.44194772266151355,0.29052605403962867,0.39747762127351305,0.5160474699955124,4,1,1,4,3
0.43745243454631444,0.28762679240297956,0.4001572299559907,0.517490578166038,2,1,1,2,3
0.44012807468709453,0.2898869504617712,0.4004482583239401,0.5186838518105727,5,3,4,4,3
0.4366915503407798,0.28809879349993983,0.397795316454711,0.5204978511640407,3,3,5,4,3
0.4397259800015564,0.28648390518823724,0.39256894986712926,0.5225092250523716,3,2,4,5,3
0.43635877941255585,0.2887246174875342,0.3956112022138564,0.5244756494280729,1,2,4,4,3
0.43979359004171914,0.2871222473565104,0.39347600895639984,0.5209043978364681,5,3,1,4,3
0.44108468004221624,0.2903871901457956,0.3947408499663737,0.5204679540011955,5,1,2,4,3
0.44262893438708945,0.2936002222677099,0.39055497208342527,0.5202910025778746,3,1,2,3,3
0.44011343791441143,0.2916140702499176,0.39313143417507096,0.5196339419302392,3,4,2,5,3
0.43820817038270415,0.29185173426867766,0.3963301819306012,0.5197353727665271,3,1,3,3,3
0.4428430932889359,0.2904812302706184,0.39038184872312875,0.5169152006376425,1,2,1,5,3
0.44536803257255475,0.29909352856997684,0.39200895589892154,0.5205329433080991,4,5,5,5,3
0.4455559622402228,0.2995952487229821,0.39112417314509657,0.5148652478165636,4,1,3,4,3
0.446010332569511,0.29901889058875486,0.3911384640382854,0.5139762539470425,4,2,4,4,3
0.4416172660599803,0.2966067939636755,0.3905448842935608,0.5109988350709016,2,2,3,4,3
0.44156180377968185,0.2956248274303571,0.3846083206709054,0.5105516364810836,2,2,4,3,3
0.4365602596966229,0.2990619904093813,0.3831073538874338,0.5064576369113754,3,1,3,5,3
0.4338633375763646,0.2964416471846704,0.37791984207604745,0.5038990092524833,3,1,4,4,3
0.4358710042120479,0.2987370013490861,0.3812545876475719,0.5060656197493372,1,1,4,4,3
0.4359474743981924,0.29701040300325304,0.3794622030665793,0.5080240400187532,4,3,3,3,3
0.4335079172312052,0.2920843554236157,0.37985374257576676,0.5054562363450292,2,1,5,2,3
0.4358460378716116,0.29112474210238337,0.37863135475896925,0.5037231218499825,3,3,5,4,3
0.43396486435298975,0.2935078975803557,0.37978121792242453,0.5061665272097656,1,1,2,4,3
0.43285426082804845,0.2923580978718056,0.37788868649392904,0.5063568973960344,2,1,1,3,3
0.4350589856317939,0.28713569791710164,0.3763075962860578,0.5064528200369537,1,1,5,5,3
0.4372504022516185,0.28592567092046584,0.3753432981395705,0.5076212196301214,2,3,4,2,3
0.43259717564155786,0.2864118382770068,0.3738238366184155,0.5065890270006518,4,1,2,3,3
0.43305409323883226,0.28635863643427906,0.37666339366045176,0.5047631910952612,4,1,4,2,3
0.4263313568710195,0.29169598819876097,0.37116353340664193,0.5015982955180616,1,3,3,4,3
0.4259523148873218,0.29570108961540337,0.37450727178584303,0.5007744264865409,2,3,4,4,3
0.4255813248290438,0.2984776183907431,0.37330761490335096,0.49932078949478426,2,1,1,3,3
0.42629683145301633,0.295321271118015,0.3749054718718924,0.4996875953885129,3,3,1,5,3
0.4253571503113276,0.29445891082814657,0.3749527965400175,0.4968535505306873,2,2,3,4,3
0.4270827292627728,0.29573286371575946,0.37730890284759355,0.49322513285543285,1,1,4,3,3
0.4256782586035834,0.2937428554786842,0.37572408150046394,0.49154087896494886,2,1,2,4,3
0.42171597105660125,0.2909417371452597,0.37316551768094725,0.48686391831619963,3,1,4,4,3
0.419690366704979,0.28966466805458996,0.37166704825517083,0.4819206030927029,3,3,2,4,3
0.42130070233544736,0.28819007186009266,0.3673241363496929,0.4784748887423409,4,3,3,4,3
0.42017222036912516,0.2875974267351443,0.3658032261556761,0.47810381547224606,1,1,1,3,3
0.4222772547753192,0.28857789522742877,0.36263377462922564,0.4772747326500883,1,1,1,4,3
0.42339016665119505,0.2893363576366668,0.36216506171415075,0.48091250991152706,5,3,3,5,3
0.4238915146735382,0.28469102929269324,0.3598614136095623,0.4784250199415103,3,4,4,5,3
0.41919822747031943,0.28749086174746596,0.3559421335893846,0.47735183870431064,1,1,4,4,3
0.41951370581022585,0.2886077657067195,0.3548980017252682,0.4720392359938438,5,1,4,5,3
0.42069789144816716,0.28834084617847894,0.35588517959006605,0.4726885476066605,5,2,4,5,3
0.4249961600260642,0.2870769631154454,0.35001096405305077,0.47198696491389525,3,1,3,2,3
0.4245631709496104,0.28611224434047294,0.3508125263541401,0.47108436260035075,3,1,2,3,3
0.4216877520519421,0.28678103218659057,0.3505106591105454,0.4708770136177998,3,2,3,5,3
0.42030148698926806,0.2828194551039475,0.3436490591269068,0.4630158973204956,1,3,4,3,3
0.42058786642977947,0.2817935421447501,0.34388740919940475,0.4620024249619666,3,5,5,4,3
0.42037076116547367,0.2813562990639676,0.34505302128698195,0.46403537312396786,2,3,3,5,3
0.41844326360725104,0.2828433002434251,0.3438592562756802,0.4613573676254372,1,5,3,4,3
0.4177244605736708,0.28539692191477833,0.3408730567674411,0.45590741811841773,5,2,5,4,3
0.41901715278180046,0.2841751559647326,0.34651592212070637,0.4548597122737978,3,5,2,5,3
0.41673157555444684,0.2837386972448072,0.345165795555055,0.45333728218431496,2,1,5,4,3
0.4126125549813502,0.28127672295822526,0.3417937371429958,0.4497908549502688,4,1,4,4,3
0.4108475551079581,0.28147594310292895,0.34039156638011075,0.4474761450721679,5,3,5,5,3
0.41417897465714937,0.27870172902798535,0.33911610556306976,0.4443782918475677,1,1,5,4,3
0.4148728831120632,0.27787971353843116,0.3401535703419634,0.44276987822752034,3,5,4,5,3
0.41495723707073945,0.27358433813115257,0.3385439824039083,0.4380426402940566,4,3,3,4,3
0.9847328244274809,0.0,0.0,0.9847328244274809,4,3,5,5,4
0.9748566845872813,0.0,0.0,0.9690201087117949,2,2,2,4,4
0.9142216370082611,0.0,0.0,0.9705361664539719,3,4,5,3,4
0.9009773217439201,0.24632352941176472,0.0,0.7383268482490273,3,3,3,4,4
0.9207818573951361,0.3874779852060585,0.0,0.7906614785992219,1,1,1,4,4
0.9032360911844411,0.4756753886806286,0.0,0.7509137017975683,2,1,3,3,4
0.8728418196546911,0.41020391417433855,0.14285714285714285,0.794488491142584,4,2,3,5,4
0.7962777305962131,0.35892842490254623,0.125,0.7811589146197403,5,1,3,4,4
0.7911367022073535,0.3190517120819948,0.1111111111111111,0.8011916189200152,5,1,4,3,4
0.7120230319866182,0.2871465408737953,0.1,0.8157391236946803,3,4,3,4,4
0.6357186276590886,0.31435634684965097,0.16732288879428647,0.7166707881474408,2,1,4,3,4
0.6660754086874979,0.3707239050667255,0.23671264806142922,0.7402334835010804,2,2,3,3,4
0.6733682179925149,0.41820852406896264,0.21850398282593467,0.7549877413049555,4,3,2,5,4
0.702436413490157,0.4597650580640367,0.2743251269097965,0.7495862657126174,3,5,3,4,4
0.7091886680545877,0.4816702715542175,0.25603678511581,0.7637456435913965,1,1,4,3,4
0.7273643763011759,0.4515658795820789,0.3025344860460719,0.7785115408669343,3,2,5,5,4
0.7652155402892212,0.4824970290392372,0.3381697123570873,0.7850043260446963,4,4,3,4,4
0.727020582349232,0.49842804116614103,0.3193825061150269,0.7872420597151244,4,1,5,4,4
0.7380219470481095,0.5243002495258179,0.30257290053002545,0.782527973340889,2,1,5,4,4
0.7513097884791833,0.5065340578582391,0.2874442555035242,0.7925139186405574,1,2,1,3,4
0.7228249953650293,0.5222024251270396,0.3190963427456017,0.7461811604926459,3,1,1,5,4
0.7010657016130977,0.5439209730796567,0.3188301462819332,0.7423085734997613,2,2,1,3,4
0.6920230112158503,0.5203390072462052,0.30496796600880566,0.7612064314937781,2,5,2,4,4
0.7070159500391163,0.5331785578013309,0.33392763409177206,0.7307733381738211,4,4,4,4,4
0.6812646824038192,0.4895427745791126,0.36012719786566144,0.7037312578893126,3,3,3,4,4
0.691294078677028,0.5069460903840408,0.3847376902554437,0.676664671047416,4,2,1,3,4
0.7018404760749517,0.5089295098392282,0.40596338044232366,0.7191059516261274,1,1,4,4,4
0.7203225711766461,0.4907458749756418,0.42715984458762307,0.7236802145581637,2,4,4,3,4
0.7298899190255091,0.47382360342475766,0.4428953706465399,0.7330893434967494,4,2,5,1,4
0.7352838831219002,0.48775311137450694,0.42813219162498856,0.7410689341875304,4,2,4,3,4
0.7431526271724386,0.5015975210070335,0.4414744594500889,0.7491380258753191,4,1,1,4,4
0.7460238196537097,0.5160884945036804,0.4553921567349928,0.698946981443848,2,5,3,3,4
0.737123640351717,0.5304031360866507,0.46825778843392674,0.7066530417998411,2,2,5,4,4
0.7448552979884312,0.529508926201749,0.42776722910165776,0.7321629363111556,4,5,2,4,4
0.7413226357948223,0.51428990577897,0.4154386058589414,0.7489341183910009,5,2,2,5,4
0.7452302230264984,0.5254485499751949,0.42190235321702024,0.7366817905290568,1,1,4,4,4
0.7521158926744309,0.5112472378137032,0.4375266139408846,0.7183013035846202,1,4,3,4,4
0.7323096313308157,0.5240905469457613,0.43699188972941205,0.7257144271744986,2,4,2,3,4
0.7391734869377179,0.5362945219476231,0.42578696947993994,0.7327475377340895,2,2,4,4,4
0.7424968867944592,0.522887492842341,0.43993354592364575,0.739429844845668,4,3,4,4,4
0.7336787281153841,0.5227709316953888,0.4535311742738966,0.7471810297775954,2,2,2,3,4
0.7190544479814733,0.5129171279592264,0.45000564591719616,0.7294563048533149,4,1,2,4,4
0.6917374521900722,0.49743880635339227,0.42022242521178566,0.7204474432158497,5,2,2,4,4
0.6787746614826037,0.49432782477786696,0.4134304305720054,0.709855547526356,1,1,2,3,4
0.6560415693250091,0.5007720670388175,0.4073941115424018,0.6693446929396263,3,2,1,4,4
0.6594297391312914,0.5100242432333887,0.4034907125731133,0.6812111376103364,2,1,1,5,4
0.6510356931900588,0.5078006191745337,0.38860844544959755,0.663007698829615,1,4,3,4,4
0.6581850465211776,0.49672077860773306,0.3774310336319928,0.6700144609877338,2,3,4,4,4
0.665157337427163,0.5066972265215045,0.39013155657512677,0.6767408297055341,3,2,3,4,4
0.671478575229907,0.4965197897352441,0.4022681191093034,0.676636545935715,4,3,2,4,4
0.6763168060900127,0.5057205373357866,0.3994433836887194,0.6832816793772253,3,1,4,4,4
0.6632872766119379,0.5088189968614933,0.3917586637536239,0.6706399215094472,2,2,3,4,4
0.6841685253949348,0.5087113842293733,0.403234915380914,0.6743882037248652,4,4,3,3,4
0.6821259892253134,0.49912714001764186,0.39576760213311923,0.6768844326720201,1,3,1,2,4
0.67270496927413,0.48988229369576436,0.3885718275488807,0.6827592611688925,3,4,1,4,4
0.6628778703564759,0.47731254490041225,0.3827213003075723,0.6628824027249498,3,4,1,4,4
0.6566410718816303,0.46852367164269443,0.38529955537706473,0.6555887871651168,4,5,5,5,4
0.6280284867941472,0.47809911677787287,0.3836893119631694,0.6590930754509489,5,3,5,3,4
0.6357209276294947,0.4853732133187464,0.4037478919568625,0.6597739978690225,4,1,3,5,4
0.6434597481693413,0.49760272909100595,0.41328796799016587,0.6625324319947575,1,2,4,2,4
0.6355596163236507,0.5049910313773885,0.4142346403511953,0.6617599151477265,5,1,4,4,4
0.6397258857644015,0.5131693419620342,0.4217152028478227,0.6795858580686276,2,3,1,2,4
0.6321778355931904,0.5053991841633371,0.44120372694828436,0.6855670812624436,4,1,1,3,4
0.6314536739647223,0.5117590456986256,0.4293905310728322,0.677571185826754,3,1,1,4,4
0.6319375874221712,0.5138242382885999,0.42225732243623143,0.6673097781475742,3,3,4,3,4
0.6357023894430598,0.5121014101207889,0.43922422094151786,0.6570502539906562,2,3,4,3,4
0.626451281292101,0.48215501964759,0.4317883084937765,0.6481193894004208,2,3,2,2,4
0.6189370840080812,0.4932495463428255,0.4152034164516386,0.6553372597452236,3,1,4,5,4
0.6170971472780188,0.48922772881746784,0.41310365133498866,0.6792640815738105,3,1,2,3,4
0.6207882065048723,0.48845157595218447,0.4286281263851582,0.675542764271407,1,4,4,3,4
0.6245178953353164,0.4720468892607689,0.4383928088532598,0.6852486514976164,5,2,5,5,4
0.6222249513103895,0.4627629981576143,0.443428696833147,0.6755594822902045,4,3,2,4,4
0.6066769513155387,0.4682812001348123,0.44979243259094,0.671027334192051,2,2,3,2,4
0.6116871471829963,0.47537743739369154,0.4571093379253497,0.6753711009712331,3,3,5,4,4
0.6157435540453756,0.46817458364009157,0.450394209706855,0.6631029573451293,1,1,5,5,4
0.6092434587712693,0.47975328902314085,0.44510485630540275,0.6594240274190786,1,1,3,3,4
0.6050244263051159,0.4774477199610649,0.4250368138534189,0.6473798640920289,1,2,4,5,4
0.6069980246121164,0.48414710816669226,0.4323691428481909,0.6517598169287478,3,2,2,4,4
0.6062168935165158,0.48731389013794796,0.45072734272296117,0.6497862214832862,1,3,3,3,4
0.5977734356030279,0.4783608445720541,0.4370710786602725,0.6257263489283338,4,4,4,4,4
0.6001711567402872,0.4749826752453709,0.4430753760820486,0.6278953403338094,5,3,5,4,4
0.6003768490793415,0.4785304909370655,0.43421201830389883,0.6180686677673264,4,1,3,2,4
0.5968714119690839,0.4804522027959801,0.4315557103213274,0.6246544704224556,5,2,5,3,4
0.5851227437668673,0.47998015744082057,0.42240566464820406,0.6201735873617334,2,2,2,4,4
0.5868153407870194,0.4836049495145648,0.42638329451902235,0.6241876849034262,5,2,2,4,4
0.5834518334093057,0.47959904838811895,0.42061353051851513,0.6208111086667668,2,4,3,5,4
0.586052598046252,0.4743893218394576,0.4185083853204678,0.6187546259148842,4,5,3,4,4
0.5809291280359326,0.4683384926137013,0.42153964740223465,0.614132434287293,5,3,1,5,4
0.5839072173341073,0.47486258864513053,0.4110933008959377,0.6144466192896626,2,5,3,3,4
0.5748881950508038,0.4752540150195328,0.40739506575380685,0.6080772303833814,2,1,4,2,4
0.5609772645468789,0.47244664331016706,0.40505045157965125,0.6021267353526403,1,4,4,4,4
0.5646481303728487,0.4684900888139448,0.4084061711386454,0.5956032401252116,1,4,2,2,4
0.5603531446462662,0.4611557184840543,0.40452330781045465,0.5826775358103243,4,1,2,3,4
0.5654001233722654,0.4576248070462838,0.39522597804511,0.5765252939287578,3,1,3,4,4
0.5542585328004197,0.45906373937412065,0.3898018958944847,0.5685341825176236,2,2,3,1,4
0.5476155870808402,0.45216112522959806,0.3837802619324345,0.5492535567595386,4,5,5,5,4
0.5503217253500933,0.4453965763413052,0.3851054497707769,0.549165613409615,3,2,3,5,4
0.5450522062730498,0.4483863200362668,0.3835395354180728,0.5477157908061385,2,2,2,4,4
0.5317904733336105,0.44611255656360643,0.3806811042094094,0.5456856524268962,2,4,4,2,4
0.533999735954595,0.45350178210771214,0.37689506024138403,0.5477734525711433,1,4,5,5,4
0.5291242665975824,0.45428871047411473,0.3757342710815603,0.5428755409168311,2,1,3,4,4
0.5326626814466664,0.45718051539843474,0.3812639056538858,0.540410995055965,5,3,3,5,4
0.5419814974368639,0.4474687506479415,0.3781775851072293,0.5256386213511199,1,2,4,5,4
0.5387193965795202,0.4443724386228371,0.38564420012958556,0.5356018898957873,1,2,4,5,4
0.5361810865771349,0.44105077696528333,0.3855828278010479,0.5317286669086202,4,1,4,4,4
0.5321994658861825,0.43638167531830807,0.38219043594857033,0.5270066184074618,2,2,2,3,4
0.5243875006306149,0.44111814500165347,0.38703899315564827,0.5309151785208855,2,3,4,3,4
0.5184577767130637,0.4440463798272539,0.3703612263776716,0.5262318477988989,2,2,3,4,4
0.5134913533673021,0.4477162146410406,0.37009306183793633,0.5229524444405266,4,4,4,4,4
0.5109535963745538,0.44532905064637635,0.3741719015221474,0.5222693123103266,3,3,5,5,4
0.4993414181336555,0.4413703210504465,0.3783079831291981,0.5217421037225279,5,1,3,4,4
0.49700919342041733,0.4298720449294163,0.3636071338067435,0.5200975420370127,2,1,3,3,4
0.4897770270861068,0.43235978291384436,0.36643870068387,0.5210496882630723,3,2,2,5,4
0.4934628155345232,0.42935080894176114,0.3687533928945174,0.5251692913284625,3,1,1,4,4
0.48843114255194203,0.42559519627597736,0.3655741123331843,0.5250173728551314,4,1,1,5,4
0.49070528840407657,0.42740623360440894,0.3696111994811601,0.5277978472194143,4,1,1,5,4
0.4843243633852141,0.4189098729672816,0.3603844714762525,0.520713855428521,1,3,1,4,4
0.48211870034991117,0.4144159868928168,0.35321534525952125,0.520817556118857,4,3,2,5,4
0.47878039724757626,0.4091619462407286,0.3502697912274654,0.5213061923510682,4,3,4,1,4
0.4814903055203202,0.4073922017638227,0.355648472515759,0.5167815969747764,2,4,4,3,4
0.4833505358894086,0.4039811319559792,0.3555821661339646,0.5217381127191998,4,1,4,2,4
0.4859942981708388,0.3999005314975531,0.35733270280685603,0.525123188222324,2,1,2,2,4
0.4815212201241435,0.39670745107397454,0.3521606839395258,0.5164391282377268,1,4,4,3,4
0.4814968457037877,0.4046110015413465,0.357981804062617,0.5185887333608938,3,2,4,3,4
0.4768334075924323,0.399424546309911,0.36196135756364495,0.5195549625873065,4,1,3,3,4
0.4732662242717238,0.4002910942852162,0.36074614413935396,0.5227091243771091,3,2,3,3,4
0.4730738144472355,0.3971355742564104,0.3608479638601247,0.5185951588024821,1,1,3,3,4
0.477016863730861,0.3961684753124268,0.3657370780142022,0.5222865114139921,3,4,4,1,4
0.47471704203397247,0.4020152189701162,0.36929158774437704,0.5225806190284622,2,1,3,4,4
0.47561267226493226,0.4040592095550809,0.37096458958064255,0.5270862641028429,2,5,4,5,4
0.4705568606602515,0.4065142813931233,0.3644377040482477,0.5250705490013379,4,2,5,2,4
0.4700781782552428,0.4087597844889587,0.3665051757485663,0.526477019846531,3,3,2,5,4
0.47476799618639554,0.40537937482433894,0.36341746921916235,0.5253666899878144,1,2,4,5,4
0.46625172681745897,0.40709572665627874,0.35761946699456415,0.5195743965145264,5,1,2,4,4
0.4621738584109097,0.40579603856565805,0.35818208023092885,0.5212559200913415,3,4,4,5,4
0.46111693241523094,0.398243537306809,0.3515672729922316,0.5214026370063714,4,1,5,5,4
0.4644634242782941,0.39500267020507074,0.3487635360990001,0.5184652406301503,1,3,5,3,4
0.46935048401778195,0.3988048757147059,0.3499438058271745,0.524116585158771,2,1,4,4,4
0.46962185878158846,0.3992439364612664,0.35290553364942673,0.5266477592230975,3,1,4,4,4
0.47343758605872077,0.3923097107000617,0.34734034169384204,0.5273493042340952,1,2,4,2,4
0.47056781250588986,0.3894516320173522,0.34491623123624,0.5228237184122789,2,2,1,2,4
0.4744477497655044,0.38548674940053085,0.34735843226144364,0.5200469856890777,1,2,4,5,4
0.4712478176762216,0.37884240241214195,0.34456255317382267,0.5190005177859501,5,4,4,3,4
0.46903503184128476,0.3759597751588652,0.3456347589566232,0.5163435475719036,1,1,3,4,4
0.4665863976935476,0.37197815744613943,0.3422682119130492,0.5158085102184202,1,3,3,4,4
0.46419339236525137,0.37397853997658037,0.3458767283064829,0.5141916288602397,1,1,3,5,4
0.4602993064938621,0.3763140635798529,0.3489507081571657,0.512714556880452,2,2,4,2,4
0.4602582569848164,0.377123915622522,0.3481870107470103,0.5121853467082115,2,2,2,2,4
0.46254194227290074,0.3749668649807096,0.35133629255730503,0.5086147025020206,1,4,5,5,4
0.4586309250503526,0.3723114848362013,0.3518170014134885,0.5049973515333855,1,4,5,5,4
0.455210129180789,0.3691100219717276,0.35080741849170133,0.5019733221559094,2,2,1,4,4
0.45593280710113465,0.3612082310363451,0.34820024498830426,0.5023788251181733,3,3,1,5,4
0.45416467365558433,0.36179693529890483,0.3485506189995595,0.5006129802352495,1,2,4,4,4
0.4520678864909672,0.35877803653487195,0.34690672936622735,0.49994162466693043,5,2,5,5,4
0.4498399429399408,0.3612551610302801,0.3416616600874259,0.49914086559248416,4,4,2,2,4
0.4512149932007205,0.36349099079872227,0.34312039454332943,0.5030299952663554,3,3,1,5,4
0.4471487331721352,0.3642861688222026,0.34435405902301564,0.5021074423359126,3,4,3,5,4
0.44547832915592395,0.3644256285299772,0.34563798948934893,0.5014326463965344,5,2,2,5,4
0.4414613127560772,0.359406070347411,0.34939147781354124,0.5005551844284692,4,1,2,5,4
0.4388463334255288,0.36271200899706735,0.34955545339325056,0.49900818358532384,2,4,1,5,4
0.4371623823627014,0.36111536396335137,0.3528194592307422,0.5021192134653513,2,2,1,4,4
0.43403614691704173,0.35964170192831835,0.3487165137238417,0.49745413029511765,5,2,3,3,4
0.4422242765840808,0.35702892674592607,0.349586936684473,0.5028489603238395,1,1,5,4,4
0.4337839383772313,0.35101053447510727,0.3450917501437868,0.4996474545529215,4,2,3,4,4
0.42993296873205183,0.3465181585890155,0.3323966327249099,0.49287308965923043,3,2,3,4,4
0.4260910508421082,0.34920582669552247,0.3302471195079483,0.489904095401439,3,1,3,3,4
0.4236079493938705,0.34976999934828,0.3307234477781232,0.48843435169272936,3,2,2,4,4
0.42392850534970383,0.35512640520888894,0.3295393766414004,0.48304684638046663,5,4,2,3,4
0.42410540124720847,0.35145514017000107,0.3266543421244743,0.48543516527638464,4,4,1,5,4
0.4243416964787619,0.35501357296722985,0.329817629759197,0.4883603344852602,4,2,3,5,4
0.42144766765452074,0.35336028353704546,0.3324414186563171,0.48960416022569186,2,3,3,2,4
0.42102356369123156,0.3523380960593373,0.32848008679489593,0.4865806966947618,3,1,2,5,4
0.4200137254747058,0.3482509956144713,0.32710114257625245,0.4884664022169003,4,1,3,5,4
0.4199567263894994,0.3500491494157569,0.3272498720699869,0.48922985286659826,1,2,5,3,4
0.4184858928720413,0.35392600299268645,0.3287673566549137,0.4884993949142391,3,4,1,4,4
0.4178444098059279,0.35523393775710704,0.3298810578666073,0.484416808983385,5,1,2,5,4
0.41974733515940027,0.3571737776734141,0.3309014652819477,0.4862336752782538,3,2,2,4,4
0.4189128834224408,0.359406375118338,0.3338400754746493,0.4889453145083831,4,1,2,4,4
0.416736919517415,0.35969477230647295,0.33232861772666467,0.48582783629688,2,1,3,4,4
0.41055752646258065,0.3566964645318842,0.3278903881925264,0.48708688632497144,2,1,2,4,4
0.40710478732508,0.3558479336254013,0.3231651414290291,0.48332838017012103,1,3,2,4,4
0.4051701379099192,0.35724066068679233,0.3242102575758223,0.4832149313531137,1,1,1,4,4
0.4053278137983507,0.35279326263591687,0.327429750006663,0.48404443746721126,2,2,4,4,4
0.40670926129571705,0.35232394377648685,0.324903595179061,0.48374496144800344,5,1,2,3,4
0.4037518632405353,0.3542154465233922,0.32428585739980065,0.4828979048350073,1,3,4,3,4
0.40241777805825624,0.35219111338614595,0.32369395416029395,0.4800540842990058,1,1,4,3,4
0.39787985891441596,0.3527527844907191,0.31991725168187135,0.4752687518333333,1,3,4,3,4
0.3950487740151539,0.35175483178655,0.3169664857423406,0.4721931255992316,3,1,3,4,4
0.3958573278533667,0.3512899361675536,0.31528220791100064,0.4698044896857327,1,4,3,3,4
0.39543938019381064,0.352948462304723,0.3137233482464317,0.46973950181440755,4,1,1,4,4
0.39599542993729986,0.35222729807825454,0.3147964230302102,0.46819812136286343,4,3,1,3,4
0.39525159534704146,0.35382973791245287,0.3164306876613901,0.4699688847969051,4,1,4,3,4
0.3964464473480969,0.35569678680346345,0.3125523295864587,0.46667288220423625,2,4,3,2,4
0.4012974354549392,0.3550024527001171,0.3103615580747841,0.4646379838509187,4,1,3,3,4
0.3970056090513791,0.3545170755951701,0.3089882510406184,0.459474593438128,1,3,5,5,4
0.39427036154302114,0.35311828596268435,0.3109500077079812,0.4565283449620178,5,2,2,4,4
0.39780674580721803,0.3556295348962202,0.307732931616352,0.4548193723212657,5,2,2,4,4
0.40021059796950775,0.3529069361550336,0.3066404769910085,0.4555168433781607,3,4,5,5,4
0.4007613286573815,0.3525599152863878,0.3053117704209579,0.4534835684542206,2,2,2,5,4
0.39537416231523403,0.35140593727247377,0.30098755762198104,0.4451293693513621,4,3,3,5,4
0.39379614665398305,0.3518262274290722,0.3002984161147403,0.4417083139446703,1,1,4,4,4
0.3917130840770174,0.3495164928992106,0.3000133562498034,0.44150982156135193,1,4,5,5,4
0.39056867175796567,0.34652919890238826,0.2989865746968698,0.43928728429867614,4,5,4,4,4
0.38820650632631465,0.3453960283705535,0.2952921539641973,0.44004512848920785,2,4,4,3,4
0.38898929026624207,0.34510226503323393,0.29426289982014114,0.4383571210218653,2,3,2,5,4
0.3879259615080667,0.3454902411482275,0.2944829229240333,0.43768350423627705,1,3,1,5,4
0.3871305934905542,0.34521017664097536,0.2919075549162875,0.4337806805055456,1,1,2,4,4
0.3865300585612222,0.3432405937121258,0.29090349468487087,0.4349002064947165,4,4,3,4,4
0.38589701177869745,0.34190577097728875,0.2885916573464798,0.4328842361037448,2,2,4,3,4
0.38756756006333976,0.34093440217249227,0.28925497635620867,0.4315751672972812,1,2,3,4,4
0.3830145232493919,0.33949623157476405,0.28457175736523266,0.4280996540994853,4,5,5,4,4
