488,2024-01-08T05:47:40Z,predictions_00939b60-d85c-458e-bab0-dd707f567234.json
506,2024-01-08T05:51:05Z,predictions_01d6ffd2-56f8-416d-ab84-c3dd47504122.json
521,2024-01-08T05:49:28Z,predictions_025b331a-8c4d-4401-a8c7-637c61728acd.json
509,2024-01-18T19:43:30Z,predictions_0297dd87-5dbf-412c-b417-352f462f393f.json
487,2024-01-08T04:47:55Z,predictions_02e48119-b81a-4951-9b3e-7b99545752c9.json
505,2024-01-08T06:06:28Z,predictions_05350f56-d700-4309-b7f1-82d93463044a.json
514,2024-01-08T05:48:17Z,predictions_054379a4-0b1e-4d4e-866f-c8fef1b1bb11.json
503,2024-01-08T06:06:29Z,predictions_05aec39d-59a1-49af-99df-245d526e4775.json
516,2024-01-08T06:06:59Z,predictions_0627d2cb-683f-4839-a556-0dab80367373.json
494,2024-01-18T19:18:00Z,predictions_06bd536c-8c08-410d-83eb-1b01227362aa.json
507,2024-01-18T19:39:49Z,predictions_0750073f-7486-425c-8bb9-46cebe589ea6.json
487,2024-01-08T05:50:46Z,predictions_08aa03d6-3c5b-45bf-9c9e-5f7760deb55c.json
507,2024-01-18T19:48:21Z,predictions_0903d0e9-c173-4214-bb02-5db1c94847fa.json
505,2024-01-18T19:42:47Z,predictions_090c9172-1806-4b2b-b146-4028b64544ac.json
503,2024-01-08T04:48:41Z,predictions_098bed31-dcd4-40e0-ad38-6d1e79612df9.json
470,2023-12-28T06:40:13Z,predictions_099220a4-87c0-4f77-a4f1-fff36dfe9c35.json
498,2024-01-08T04:47:58Z,predictions_0a3093a1-d7ca-456d-9c4f-596052c00e2a.json
506,2024-01-08T04:15:18Z,predictions_0ad570ff-bd99-45f4-b97a-64ae3ca57b32.json
504,2024-01-18T19:44:17Z,predictions_0af16dcd-879a-4e88-ae2d-10413f0288e2.json
506,2024-01-18T19:41:54Z,predictions_0b009a64-4808-4a7f-97cb-66b099199454.json
501,2024-01-08T04:29:50Z,predictions_0b149800-11db-4244-96a5-7b7f8dd2ef58.json
505,2024-01-08T06:05:00Z,predictions_0c20dcc1-c942-4076-b0bb-b4d36b843487.json
488,2024-01-18T19:41:12Z,predictions_0f67de94-8ce7-4d35-9eb9-e62d4aed6b86.json
491,2024-01-08T05:47:56Z,predictions_0fd77925-6f50-4c8a-916e-f27e55bf3413.json
486,2024-01-08T04:39:43Z,predictions_0fec7419-5cb6-4b2a-95e3-6c9fa7563979.json
504,2024-01-08T04:41:13Z,predictions_10a0ae29-b758-46bf-94af-d7971df87463.json
504,2024-01-08T04:49:28Z,predictions_110d4517-faec-4d95-bf0f-14735066776a.json
485,2024-01-18T19:44:23Z,predictions_1170e0df-0fbe-48bf-b819-f1e6dad35b4c.json
502,2024-01-18T19:43:38Z,predictions_11fea256-ea6a-4699-9add-92e59cef9800.json
502,2024-01-08T06:00:10Z,predictions_129ebc9b-bff2-45f8-8a38-0a0832cefcb3.json
504,2024-01-18T19:41:04Z,predictions_13ec8f8d-4fac-4881-8b90-825ef6053853.json
505,2024-01-18T19:04:04Z,predictions_14b8fbdc-e9bc-487b-8815-e484cd35dd6d.json
504,2024-01-08T06:07:48Z,predictions_14ca5883-ea03-49d9-9de5-553acf80b815.json
508,2024-01-18T19:31:50Z,predictions_14d75031-4a4b-4e2d-8c8e-0ec2a0a6c532.json
493,2024-01-08T04:41:11Z,predictions_15139223-1c8f-4934-9f85-bd74af481968.json
506,2024-01-08T06:06:23Z,predictions_15981abb-bd57-4121-b8bd-0b04fc84116b.json
502,2024-01-08T04:42:47Z,predictions_173c1ed5-9589-4b52-980e-e0dfc1c49e20.json
504,2024-01-08T06:10:23Z,predictions_175736f9-e902-4c06-b52d-977a5904c7bf.json
503,2024-01-18T19:41:53Z,predictions_176ba7f2-1234-4d06-b9e5-22e3c79bd4cc.json
502,2024-01-08T04:26:30Z,predictions_181c0157-ab09-4c3e-9d00-01330a6b1b59.json
492,2024-01-18T19:37:15Z,predictions_18828518-b170-4a4e-bc42-f677fffd5350.json
507,2024-01-18T19:43:01Z,predictions_18995d6c-962c-4d60-812a-69d94600652e.json
493,2024-01-08T05:57:19Z,predictions_18b98fd7-be06-4a2f-b385-dc1733a1f94c.json
492,2024-01-08T05:58:04Z,predictions_190fdbb2-106e-44b6-a871-bfe746f92bc0.json
490,2024-01-18T19:42:56Z,predictions_1b8cc59a-7acf-47fc-8c78-753f0a10a567.json
518,2024-01-18T19:43:03Z,predictions_1c10d0ea-b905-4681-ab15-96f2e7340d78.json
502,2024-01-08T04:44:08Z,predictions_1ce86c95-223c-4593-ab29-6b5fee1b56f1.json
492,2024-01-08T05:55:44Z,predictions_1d407d1c-20d0-4b0c-9714-a4a2b384a7f3.json
490,2024-01-08T04:31:31Z,predictions_1d48cb3d-aca6-45d1-bee3-1e8bc3f990f8.json
490,2024-01-08T05:48:40Z,predictions_1d4e8ae4-24fc-4a21-a848-db8e43e54ca9.json
506,2024-01-08T06:03:21Z,predictions_1f58ea22-d681-4aa4-bdcc-2a55eebfa4e7.json
507,2024-01-08T05:57:40Z,predictions_220ac810-0a3d-4ca3-bc58-2d485a290afe.json
507,2024-01-08T06:06:56Z,predictions_228c2772-6c45-4861-a8fb-a2fe16360973.json
485,2024-01-08T04:50:31Z,predictions_22d226f2-cae6-4da8-b345-8b3a13c5347e.json
504,2024-01-08T04:18:30Z,predictions_232db1de-f1dc-4b5e-b1db-ba30d5c3a767.json
491,2024-01-18T19:44:01Z,predictions_24a66fac-773d-4c65-81d1-6fe81bace240.json
517,2024-01-08T05:56:44Z,predictions_24fc56b4-e6d3-478d-8a52-319e80fa28c1.json
518,2024-01-18T19:39:20Z,predictions_2515a74b-fef0-41f2-a785-a7ebfed9eeb7.json
502,2024-01-08T04:44:30Z,predictions_258d19ce-8572-495e-ba1d-37ce01241418.json
506,2024-01-08T06:02:10Z,predictions_2610c871-508f-4610-8684-72dc35b16e79.json
505,2024-01-08T04:46:05Z,predictions_270f8f0f-916a-42c2-9489-cea44e4a26f7.json
485,2024-01-08T06:07:48Z,predictions_2993dcc0-44de-4a4d-9269-8f0a37f5b61a.json
469,2023-12-28T13:53:58Z,predictions_2a2debb9-0bdd-476c-b137-af7e6e4e2168.json
490,2024-01-02T22:53:12Z,predictions_2a3c2125-5a36-4f27-b39c-9568fe8f1c10.json
501,2024-01-08T06:02:13Z,predictions_2b40edc3-257b-4e37-9243-9dab6daf2e97.json
519,2024-01-18T19:40:42Z,predictions_2bfefe1a-ea93-48a5-844c-e8089ce1ea34.json
518,2024-01-08T06:02:00Z,predictions_2d959e3c-7262-4a29-9c61-88e25b71ef77.json
483,2024-01-18T19:41:17Z,predictions_2df8020a-f4a7-4cb1-ac6a-d67f4d91bc9d.json
504,2024-01-08T04:47:54Z,predictions_2f6cbb87-4d56-4ca4-a07b-b41c317191af.json
518,2024-01-18T19:40:17Z,predictions_2fbb5d7c-74d1-48c5-861f-3582de274c3a.json
507,2024-01-08T06:06:18Z,predictions_2fd9bc93-5f96-425c-92a0-28105acb306d.json
506,2024-01-18T19:43:32Z,predictions_30735223-8b6c-4c80-8a3b-46082bb03a2d.json
507,2024-01-08T06:06:12Z,predictions_31163f1a-f2ca-4583-b2d5-4d55950a50c8.json
503,2024-01-08T04:18:45Z,predictions_31ac39f9-6171-4756-a4dd-8a63bd7d0061.json
507,2024-01-18T19:27:07Z,predictions_320a9955-b825-4532-9138-d735b95d34ca.json
504,2024-01-08T04:48:03Z,predictions_331870d5-9ed5-4ea0-a3a5-b315261b71c4.json
488,2024-01-18T19:40:25Z,predictions_3383b57a-4d1f-4a92-96ec-bab89ec9ebb4.json
505,2024-01-18T19:16:19Z,predictions_33e061d7-7dd0-4c84-a1c5-2b8df6d43489.json
501,2024-01-08T06:00:50Z,predictions_33eb1fcd-1ee7-4c4b-a1a1-062ee534d4f1.json
502,2024-01-08T04:21:23Z,predictions_3413e786-93e8-4da6-b27e-281185890393.json
491,2024-01-08T06:08:02Z,predictions_355af53a-2c4b-4596-be39-0118e2dde654.json
501,2024-01-08T05:35:22Z,predictions_3597c160-2837-41cc-b667-4b7ec1a74b14.json
504,2024-01-08T05:49:23Z,predictions_3622728a-58d6-48ae-9b26-c118dab2f07a.json
500,2024-01-08T04:31:23Z,predictions_36ffed45-4fd4-4271-8729-86a689252575.json
501,2024-01-08T03:56:28Z,predictions_38a27c05-43f4-4693-8d16-0f43057668a0.json
505,2024-01-08T06:03:14Z,predictions_3a3dbcf9-7ea8-462a-9823-625d76e6367f.json
491,2024-01-18T19:42:46Z,predictions_3a801313-b396-4293-9f5f-4d3e7b966f97.json
500,2024-01-08T04:43:58Z,predictions_3b85ce5b-0479-4ffc-af63-bf3940d5658b.json
488,2024-01-08T04:45:22Z,predictions_3ea5f540-ded2-4499-a01a-cb7e7a7c7550.json
502,2024-01-08T06:17:31Z,predictions_3ed5b71c-8c1a-4bc9-9ace-92ce5a7a02f1.json
489,2024-01-08T04:45:14Z,predictions_3fbb67eb-c3ad-4cb6-baf9-6c4dab43ffb9.json
504,2024-01-08T04:45:53Z,predictions_403b227d-3007-4e15-b7a2-585a901379d7.json
500,2024-01-08T04:42:42Z,predictions_40608143-a1de-46b7-81ee-2e517db7a263.json
489,2024-01-08T05:50:38Z,predictions_4158be06-fd0c-4274-9221-8b4975b5a122.json
489,2024-01-08T04:29:21Z,predictions_42357b84-0c1c-4970-8656-205f7a439f9e.json
508,2024-01-08T06:07:20Z,predictions_43a3d02b-21d3-4f99-9221-9975391e04ac.json
505,2024-01-18T19:39:43Z,predictions_4557eb33-ce1d-47a1-8c24-f181736a9663.json
468,2023-12-28T19:01:09Z,predictions_45d2278b-0a00-4f21-926a-6124705a6e2a.json
504,2024-01-08T04:35:50Z,predictions_45f8f1ab-9aa5-44d8-b5fd-ef21ba75d9a0.json
502,2024-01-18T19:45:05Z,predictions_497dfe87-c1bd-43a2-bbd7-acfcd6b97861.json
507,2024-01-18T19:38:47Z,predictions_4a376d68-53ce-486a-9a8b-e3d983a5bab2.json
505,2024-01-08T04:44:50Z,predictions_4b6185ea-8d9e-4500-a190-184bccc50e9d.json
507,2024-01-08T05:57:11Z,predictions_4b74b304-11da-4c7a-9928-5faf6efd724b.json
500,2024-01-08T04:39:58Z,predictions_4cc8fe9f-63e5-4d9c-bb94-8cc11b082b79.json
519,2024-01-18T19:37:31Z,predictions_4e1df836-1fef-492d-b904-1cf464d6bd33.json
488,2024-01-08T04:49:07Z,predictions_4eccdc83-9584-44e1-abae-693a7a760a5f.json
504,2024-01-08T04:20:54Z,predictions_51c826f1-2b6e-452b-9d74-98e296f73411.json
490,2024-01-08T04:46:32Z,predictions_52d7e629-99d7-4ad6-a36c-ced07fd5f262.json
499,2024-01-18T19:45:07Z,predictions_53707c4f-a21b-49ef-9042-ea3e1e5fcffb.json
505,2024-01-18T19:41:01Z,predictions_538bd640-26df-491f-b6fc-ec3955cc7f80.json
507,2024-01-18T19:40:32Z,predictions_568818e0-38ab-4f8b-bb06-361945dd289f.json
504,2024-01-08T04:48:42Z,predictions_5743b098-b78d-46c6-9ec0-1b30cc6b81b9.json
489,2024-01-08T06:02:01Z,predictions_58a6feba-2d78-4ac5-89be-6148a32e7669.json
507,2024-01-08T06:08:31Z,predictions_5948a693-fba0-4ae7-b996-61cb4b331aa9.json
488,2024-01-18T19:09:42Z,predictions_5a4ef69d-2446-43cb-ab4c-6913a916c20f.json
505,2024-01-08T06:07:34Z,predictions_5b1e36e0-45c1-42fb-af4a-dc9c3cd818e0.json
505,2024-01-18T19:32:37Z,predictions_5c990574-f6ba-4565-8084-e8b578ee26ba.json
509,2024-01-08T06:08:19Z,predictions_5cb05a2d-a4f4-4b6f-98ad-abae7610cae8.json
508,2024-01-08T06:04:56Z,predictions_5d483ff7-6377-4da1-8639-31f6389dc811.json
510,2024-01-18T19:26:38Z,predictions_5db4817f-b9fe-4219-bdea-f7c49577b3c2.json
519,2024-01-08T05:45:44Z,predictions_5dd2b679-cd03-43dc-b492-5a24c81c4be6.json
505,2024-01-08T06:09:24Z,predictions_5edd1016-d911-4c47-a712-07d642f51e99.json
518,2024-01-08T05:58:43Z,predictions_5f10fad8-f8c7-4010-9454-c77920739b78.json
489,2024-01-08T04:33:26Z,predictions_5f215889-4d6b-4dc8-aeee-eb8792119c46.json
520,2024-01-18T20:09:24Z,predictions_60050d76-3779-49b4-b692-73fd0546dc2d.json
501,2024-01-08T04:37:10Z,predictions_603da492-8f19-47f6-8805-978b744d255d.json
492,2024-01-08T04:37:18Z,predictions_60607b26-fe3c-4732-9000-3aee34610504.json
500,2024-01-08T04:43:53Z,predictions_608cb63f-fcba-4984-b8d8-72a4143f4c37.json
505,2024-01-08T06:07:37Z,predictions_609c9027-6e39-4042-9c7d-093d7fa39bdb.json
489,2024-01-08T04:52:48Z,predictions_628a65b9-741b-4e05-a74f-2d828c247a5f.json
503,2024-01-08T04:27:44Z,predictions_62c20bb2-6d78-40fb-b10a-0c91d74456e4.json
489,2024-01-08T04:44:46Z,predictions_6332bc9a-47dc-4fa1-931a-d1fc31d54db9.json
504,2024-01-18T19:36:04Z,predictions_63a918ed-bc30-476b-b6c9-543ad5cbd02d.json
504,2024-01-08T04:38:42Z,predictions_655b9aef-1b09-4026-82ce-0214f80b75b1.json
528,2024-01-18T19:36:18Z,predictions_6568b2aa-b91c-44ce-875f-48297f41575f.json
491,2024-01-08T06:11:09Z,predictions_65fe3c21-9b31-443f-bafb-0206b1b2ded0.json
503,2024-01-08T05:53:33Z,predictions_664f3f72-3d38-4ab9-a357-2d398abcb7f8.json
503,2024-01-08T06:07:28Z,predictions_6869dcfd-6393-4013-ae36-702686f666b8.json
503,2024-01-08T04:15:49Z,predictions_691feee6-cae1-4d65-99a0-a93a177c1ea7.json
484,2023-12-28T09:05:15Z,predictions_6951238d-2981-4f82-a49c-e03e12f273e3.json
508,2024-01-08T06:04:31Z,predictions_69b8c5c0-48da-45a4-b769-27a2e79dbe39.json
518,2024-01-08T05:44:02Z,predictions_6b064793-dd45-414c-abfd-9a8a85a5dfc2.json
504,2024-01-08T04:32:50Z,predictions_6c0ab2ac-509b-4292-8e82-8136b4deb594.json
504,2024-01-18T19:40:58Z,predictions_6c6a90c0-b5ff-4e48-971c-5964060b9839.json
492,2024-01-18T18:26:27Z,predictions_6d8d104b-f239-4782-87a5-1e5ad68bb58c.json
485,2024-01-08T04:41:09Z,predictions_6db55b53-d41a-45e8-af61-b005a0835c1a.json
502,2024-01-18T19:33:47Z,predictions_6e881c1e-fe88-4211-8ea7-5f72b87651c8.json
506,2024-01-18T19:41:30Z,predictions_6eb41b59-99c1-45a8-9511-94c335b2bafa.json
503,2024-01-08T04:42:02Z,predictions_704420a3-18e3-4589-a153-1a54bb234e94.json
505,2024-01-18T19:38:57Z,predictions_705c2f85-9ff1-4339-9afb-e769198fe6d3.json
521,2024-01-08T06:04:53Z,predictions_727aa7a4-3788-4d8b-b5d9-d4e80a81ef3c.json
509,2024-01-08T05:43:24Z,predictions_73368c49-62db-486d-8bb5-9be040e3dc97.json
518,2024-01-08T05:04:23Z,predictions_74f144fd-ec56-49db-aa09-01a53221cbc3.json
490,2024-01-08T04:48:49Z,predictions_75a948aa-2729-4fe7-b27d-cfdf135f1a60.json
468,2023-12-28T13:58:58Z,predictions_75b800b7-a9b4-43d1-8776-4b2988a6c5b8.json
495,2024-01-08T04:46:47Z,predictions_788f575c-f701-4d4d-a7c7-871463505a9a.json
508,2024-01-08T06:06:44Z,predictions_7a01b99f-52f7-4bd4-b2cf-08e1595b5b6d.json
483,2023-12-28T18:56:33Z,predictions_7a76be89-9de2-47ee-a1eb-ed3126bdd99a.json
505,2024-01-08T05:45:36Z,predictions_7a92f988-20d0-47bc-95d5-29791eee44e1.json
505,2024-01-18T19:42:36Z,predictions_7ae22c54-1a4f-4843-9842-9aaea620ee68.json
489,2024-01-08T04:33:44Z,predictions_7b6fa9ef-2be5-43c9-a5b2-0e956da742f6.json
520,2024-01-18T19:41:12Z,predictions_7b87b667-a6a3-4791-b5e7-2b871d6b50ec.json
506,2024-01-08T04:25:12Z,predictions_7ba94fa1-787c-4886-820c-4354502bc00e.json
501,2024-01-08T04:41:30Z,predictions_7bf6459e-380a-4800-b9de-ad83ad3f9e1e.json
486,2023-12-28T13:45:46Z,predictions_7cbc2c01-3e49-4d1b-9145-426c75d88ab5.json
488,2024-01-18T19:35:53Z,predictions_7d1b5d20-458d-4501-9cfe-666bcf5e2793.json
502,2024-01-08T06:08:10Z,predictions_7d2a5638-7554-4b97-bcbb-e4d89525037b.json
504,2024-01-18T19:29:03Z,predictions_7f666a92-5900-495d-bf6c-ccde8675e236.json
487,2024-01-08T04:49:34Z,predictions_7fbe8799-f29c-446b-9328-97fd0867ff69.json
506,2024-01-08T04:43:11Z,predictions_7fd48d0c-ba3a-4de8-8172-76c375cd356b.json
489,2024-01-08T05:52:43Z,predictions_8104cb25-4776-4713-bf82-ac07216d5735.json
503,2024-01-18T19:38:51Z,predictions_810cea12-6f81-4e7d-8b94-b0d9d9babf1a.json
516,2024-01-08T06:01:33Z,predictions_821c1c40-acbb-473e-9f8b-42e873791f20.json
487,2024-01-08T04:44:09Z,predictions_82e62ba6-c3c2-4148-a96d-6bd82444c19e.json
503,2024-01-08T04:31:06Z,predictions_85184790-a443-4d01-b9a5-3ebcec2d1a94.json
503,2024-01-08T04:46:48Z,predictions_871e656a-671f-4607-b0bb-bd8eed02282c.json
488,2024-01-18T19:34:00Z,predictions_872e0f6b-b600-4d91-b2aa-26713f09873c.json
517,2024-01-18T19:43:25Z,predictions_872ed9af-93f8-4916-bfe1-8b8e84fc1ce3.json
504,2024-01-18T19:46:21Z,predictions_8787f7c3-b40b-4058-97bf-3bc7f3107a71.json
501,2024-01-18T19:35:31Z,predictions_87e355cc-fc99-4803-8306-67ee48c7700b.json
505,2024-01-08T05:59:04Z,predictions_890456d6-d8e4-4e08-91d3-46d4e6b29d78.json
487,2024-01-08T04:02:21Z,predictions_8929f053-66c0-4261-985d-6e00ea9246bc.json
489,2024-01-18T19:40:51Z,predictions_8a29cfce-5c89-45fd-ba12-83f897adf5fe.json
506,2024-01-18T19:29:48Z,predictions_8a3f4c7c-1f57-4013-98aa-444942fa3c18.json
507,2024-01-18T19:42:08Z,predictions_8d553764-9479-4b4b-ae92-5e5289f6cb8b.json
496,2024-01-18T19:41:15Z,predictions_8dbb2d28-3b63-479e-be86-1f72365aa7da.json
507,2024-01-18T19:42:34Z,predictions_8dfc9ce2-4be5-4bca-b406-33df1d8c3045.json
488,2024-01-08T05:46:14Z,predictions_8f067bc9-4dae-43df-a69b-201a0d5e2921.json
507,2024-01-08T06:07:16Z,predictions_8f81452e-c14b-42ef-89ba-626341eb1a9f.json
489,2024-01-18T19:44:49Z,predictions_9015b392-aa9a-4850-9b8a-3ed234f14c0e.json
491,2024-01-08T06:02:55Z,predictions_90546ae5-c5f1-4889-95cb-1f1c1ad248d9.json
508,2024-01-18T19:08:31Z,predictions_90759bb5-95f0-4d8a-88d8-85871aed2ba2.json
490,2024-01-08T06:00:38Z,predictions_907e13fa-53d4-4e63-805f-94924c17d639.json
506,2024-01-18T19:42:07Z,predictions_90e65953-cdfb-4f1a-a843-b4bd0eebab0d.json
487,2024-01-04T20:10:24Z,predictions_9206d928-3ca5-4596-b795-38722fbf6bf4.json
505,2024-01-18T19:23:26Z,predictions_927b2454-ae66-409b-bb74-fdab9d3469ab.json
491,2024-01-18T19:41:55Z,predictions_933cfcd3-fc1b-450e-8428-f6480d482d6c.json
504,2024-01-18T19:40:26Z,predictions_9405acbb-f951-44f2-b3b0-e9a7aa44bcad.json
468,2024-01-08T04:05:54Z,predictions_9651b008-5e09-4d52-977b-30837867e740.json
490,2024-01-18T19:42:28Z,predictions_96e3bc56-f34a-439c-b01e-f3539ba7bb3f.json
517,2024-01-18T19:12:08Z,predictions_9814e8ad-26c4-4791-9347-a16e903ed738.json
483,2023-12-28T09:06:14Z,predictions_99099b95-b032-4537-91cd-8308fee61174.json
505,2024-01-18T19:42:20Z,predictions_991be497-eafd-4211-a633-7dfe25462b13.json
507,2024-01-08T06:07:21Z,predictions_997afd7a-6154-4613-8a3b-489f31263ed6.json
514,2024-01-18T19:46:32Z,predictions_9984ba9b-5da2-419e-a0a8-6a8d9cd78ddf.json
501,2024-01-08T04:38:08Z,predictions_9b08ec62-dd9a-4999-8c0f-2a12608bb78a.json
504,2024-01-08T04:33:51Z,predictions_9bb500ed-b4ec-405c-9438-6e0d011e6c3c.json
507,2024-01-18T19:39:18Z,predictions_9c8d1dc3-d933-4fc9-9513-ea1f3ef044e5.json
492,2024-01-08T05:49:50Z,predictions_9cabcd7a-8662-431f-b65c-09b2a1003cba.json
502,2024-01-08T06:06:58Z,predictions_9d37efd7-f435-4386-a9c0-d04ce6d99b95.json
505,2024-01-08T06:07:19Z,predictions_9d67c5ca-6aeb-4a46-aac8-0ece034f9ced.json
503,2024-01-08T04:28:21Z,predictions_9e290288-c544-44f5-8e0f-ef9d19397c2d.json
501,2024-01-08T04:47:20Z,predictions_9e619c9d-51f9-4099-985c-f0c4e996d446.json
488,2024-01-08T04:49:04Z,predictions_9f06bd01-1e6c-4d8c-96e0-449ff5107445.json
492,2024-01-08T05:57:52Z,predictions_9feabd49-ef4c-42f1-ab4c-d400e2edff33.json
518,2024-01-18T19:44:09Z,predictions_a075f830-fb15-4603-bd59-4380feec67ce.json
503,2024-01-18T19:47:04Z,predictions_a1349cca-292d-45ef-a91f-cc1f0955a6de.json
498,2024-01-08T04:40:23Z,predictions_a244ee1d-6c10-4450-97af-5e816ed7bd53.json
488,2024-01-08T04:23:22Z,predictions_a2c59066-9b3f-4ca5-8ebd-9bfc4753801f.json
478,2024-01-08T04:11:25Z,predictions_a47524f2-bc75-462d-8b48-d2d3de2e66a4.json
494,2024-01-18T19:39:36Z,predictions_a5496611-9ab2-4c53-8827-b99fe3a37ef2.json
490,2024-01-08T05:50:21Z,predictions_a60ef98c-81ab-45b1-bb46-91fbaa4eaad7.json
501,2024-01-18T19:43:07Z,predictions_a6891251-e492-4440-974c-bc746a3c9735.json
490,2024-01-08T04:41:35Z,predictions_a6cb29ba-132a-4f4c-aaa3-e56216053778.json
490,2024-01-08T04:18:20Z,predictions_a8384b08-af4f-4f72-a033-ec427403de8c.json
487,2024-01-08T04:39:05Z,predictions_a87e0a32-a79d-448f-b331-4c355874d0c4.json
507,2024-01-08T05:47:27Z,predictions_a8a03fee-c21d-414c-855b-2545c28c5108.json
504,2024-01-08T06:04:57Z,predictions_a90ddd5b-1269-4ecd-b06f-dd3157330084.json
492,2024-01-08T05:56:59Z,predictions_aa0d678e-bacb-421b-bad0-b88cc8463dc2.json
488,2024-01-18T19:30:50Z,predictions_aa1e4716-f6c5-43e9-8b69-39464ba6627f.json
491,2024-01-08T05:36:55Z,predictions_aa7ba232-0ee0-43c6-adc8-80a0d5ecf75d.json
502,2024-01-18T19:22:34Z,predictions_acdcdffd-918d-4235-9ac0-9ee3a397e26f.json
484,2023-12-28T06:31:51Z,predictions_ad66f940-8734-412f-9c67-8dd1cb595b5d.json
503,2024-01-18T19:45:58Z,predictions_addb077e-3386-4bb8-9ec6-eff5cb204f12.json
504,2024-01-08T06:07:05Z,predictions_ade91bd1-e66d-45c8-8dcc-fe0df7077be1.json
518,2024-01-18T19:42:09Z,predictions_aeabc240-f1fc-4ea4-a03a-b6bb7ab65341.json
486,2024-01-08T06:08:03Z,predictions_af688f6b-0bf6-4302-9d20-ec9deb648e89.json
497,2024-01-08T05:56:47Z,predictions_afbcf7ef-1752-4733-b2f3-c198a11804e1.json
482,2023-12-28T18:20:53Z,predictions_afc42878-5218-49d9-a703-9b9ee816da3c.json
494,2024-01-08T06:01:52Z,predictions_afcad737-7c71-4293-8068-701ba2bba4b6.json
503,2024-01-08T04:30:04Z,predictions_b01ad633-c3cf-47c1-9d4a-e68cb2cf1426.json
490,2024-01-08T04:38:47Z,predictions_b0bd9951-5adc-444f-9631-1841c798ad9a.json
503,2024-01-08T04:43:42Z,predictions_b0d15acd-3fe8-46d6-8d48-2229bd12532e.json
498,2024-01-08T04:42:30Z,predictions_b19d8a23-d173-45b5-a624-37585480f814.json
507,2024-01-08T04:40:38Z,predictions_b3a5afb7-9cbe-4127-ae35-1bffc64fa75d.json
488,2024-01-08T05:50:10Z,predictions_b42cf225-20af-498c-bcc8-f4ba6d26763e.json
496,2024-01-08T04:37:20Z,predictions_b661943c-e859-4d1e-8aad-b12834224719.json
486,2024-01-08T06:01:53Z,predictions_b84e933f-3395-4f1f-9473-f48e44daaed9.json
502,2024-01-08T04:35:09Z,predictions_b89477ab-25f9-4a4d-b81e-9c934c8e682b.json
487,2024-01-08T04:26:16Z,predictions_b8a13db6-9aea-4e20-8da3-72f8a539573b.json
507,2024-01-18T19:47:18Z,predictions_b8fbe069-058f-4a1f-b203-c43c0e92355b.json
495,2024-01-08T06:06:03Z,predictions_b93522c6-0da7-49f4-865b-b844786212e8.json
509,2024-01-18T19:41:57Z,predictions_b96d5b17-64ca-4a9f-8cab-45d8be70db65.json
490,2024-01-08T06:03:48Z,predictions_ba2d67d6-54c2-492e-86eb-4c7c770e00b3.json
487,2024-01-08T04:44:03Z,predictions_bb010e3f-aba1-48d6-875f-ac36af945829.json
505,2024-01-08T06:02:44Z,predictions_bbba79d5-3362-4525-b8b9-bf9b3356677d.json
504,2024-01-08T04:20:50Z,predictions_bbbc404b-2e23-4b1a-99e9-eee3abc19d2d.json
508,2024-01-08T06:03:37Z,predictions_bc05a3c8-dea6-4a1a-97a7-6ebedc4e12ac.json
500,2024-01-08T05:53:46Z,predictions_bc0be2b9-6f6c-495e-bf4e-b99e2402664d.json
489,2024-01-18T19:42:34Z,predictions_bc6d48b2-6800-4066-baaf-4222d6eb9dcd.json
503,2024-01-08T04:39:35Z,predictions_bdeaeec1-ab8d-49d3-a451-67a656ee624f.json
484,2023-12-28T09:28:29Z,predictions_bf2b2547-20bc-47cd-b35f-9e0f132df037.json
505,2024-01-08T06:03:24Z,predictions_c04b5aca-1910-43b9-80fb-c6f130856675.json
493,2024-01-08T06:07:21Z,predictions_c26f0654-2089-42ef-9de4-c995c7c7676a.json
485,2024-01-18T19:20:53Z,predictions_c347bd0b-84c7-41cb-a83b-f9c2eeca7bd8.json
492,2024-01-08T05:56:53Z,predictions_c4e46596-0bac-4ed5-9a22-7d3cdf87b5bc.json
507,2024-01-08T06:02:26Z,predictions_c6caf987-3c77-4426-a26d-150f1ebbc6f8.json
502,2024-01-08T06:08:46Z,predictions_c7573dc1-a31e-45bf-9a2b-fadf7f71427f.json
506,2024-01-08T05:55:20Z,predictions_c7620838-31e3-4040-9963-c7a32589bf26.json
499,2024-01-08T04:17:13Z,predictions_c7776ac9-033d-4813-b8c5-9373670c97c1.json
508,2024-01-18T19:43:37Z,predictions_c7abfb7c-de14-4a98-8515-166b5263ebc4.json
514,2024-01-08T04:37:07Z,predictions_c7eb4d37-1d5c-4a43-94db-1730ca3602bd.json
519,2024-01-08T06:03:22Z,predictions_c941357e-8b37-4202-9deb-663c5d8f5f02.json
510,2024-01-08T05:56:16Z,predictions_c964cb5a-cdf3-4753-b029-cf37562f638b.json
503,2024-01-08T04:26:08Z,predictions_c9b442d9-9581-4f08-8258-531248731e96.json
506,2024-01-18T19:40:08Z,predictions_cb26da2a-4004-4748-b38f-3af5a8ce610d.json
506,2024-01-18T19:43:09Z,predictions_cbf9c4ec-4986-4c6b-b1fc-2285aa8ba401.json
529,2024-01-18T19:44:34Z,predictions_cc44bffa-1229-4577-8b5c-6d97d51806ef.json
510,2024-01-18T19:41:05Z,predictions_ccc82cca-b91b-4272-8272-404d926b1f96.json
504,2024-01-08T06:06:38Z,predictions_cd9cf2fc-da2f-4255-86e3-e1738deaeb40.json
481,2024-01-08T04:41:50Z,predictions_cda35728-a133-4f35-ad42-80417791b53c.json
507,2024-01-18T19:25:01Z,predictions_ce73d399-ad03-4963-9791-240d515dfa51.json
490,2024-01-08T06:07:13Z,predictions_cf36b70c-3f3f-434d-9f30-11621b60cb22.json
519,2024-01-08T06:00:00Z,predictions_d11253ab-b0b9-4bf1-b97d-240cc2611565.json
496,2024-01-18T19:44:04Z,predictions_d1f766ff-0035-464c-bf0f-c59778b379f7.json
499,2024-01-08T04:43:45Z,predictions_d3220ed2-1a91-446b-bc2e-d51f679021a1.json
505,2024-01-08T05:47:04Z,predictions_d3cece90-2c8c-4d6f-b3f4-24f142b82515.json
502,2024-01-08T04:38:45Z,predictions_d72615e3-30d6-4487-a151-0124840e9d4d.json
484,2024-01-08T04:50:42Z,predictions_db9eb481-ce9a-47b3-87ba-e2ac101173bd.json
502,2024-01-08T04:49:57Z,predictions_dc5088d4-9ed3-4cb1-8fd4-0bd464b32b08.json
481,2024-01-08T01:32:52Z,predictions_dc89edea-dd6c-4ba4-a0cc-cd94da8fd2fe.json
502,2024-01-08T04:31:39Z,predictions_de3c9546-a660-476e-b148-6de274cdc621.json
518,2024-01-08T06:03:13Z,predictions_de3ec338-4168-4cd9-86a0-5298617daef8.json
491,2024-01-08T05:50:31Z,predictions_ded176ef-1708-4274-a99f-be8b3248510d.json
508,2024-01-18T19:44:31Z,predictions_dfb7ecd1-0ade-4047-85f1-2846babfec55.json
517,2024-01-08T06:11:12Z,predictions_e0051130-9d5b-489a-88f5-91e5bb29b87d.json
493,2024-01-08T05:59:37Z,predictions_e0ccfacc-3070-4225-89f0-bed14e6973df.json
496,2024-01-08T04:45:07Z,predictions_e2b26f24-3551-4b0a-90f2-5adca92d16e6.json
492,2024-01-18T19:43:39Z,predictions_e2eaef1c-8855-418e-b01f-d5a675c3832a.json
487,2023-12-28T13:49:23Z,predictions_e41a3e4e-0976-41e4-83df-5a25b9f800f7.json
501,2024-01-08T04:46:59Z,predictions_e620584f-4be7-4bb7-87f9-e7b9d15eefac.json
513,2024-01-18T18:55:32Z,predictions_e681f5ad-a17e-418a-8d08-0be623cd736b.json
505,2024-01-08T06:08:43Z,predictions_e75d5f6c-bf1a-4a3b-8a43-4d2eab89f015.json
500,2024-01-08T04:42:05Z,predictions_e834494b-7309-432e-b4b6-bce33b2c7c5d.json
504,2024-01-08T04:24:49Z,predictions_e8b6c425-870a-4ef8-be75-d5f89ef0573e.json
513,2024-01-08T04:40:46Z,predictions_e97cc03b-ff79-42de-9dca-29c284b129dc.json
519,2024-01-08T05:50:41Z,predictions_e990a02f-2623-41ff-bcfb-9ab651099bdf.json
488,2024-01-18T19:34:19Z,predictions_ead869b9-24f9-413e-83bd-5fe27abbc0d3.json
489,2024-01-18T19:49:14Z,predictions_eb5828e1-acb8-440d-866c-1364e46b6d5a.json
510,2024-01-08T05:58:17Z,predictions_ebff3450-aee2-4f36-b9ab-45a37db7e11e.json
506,2024-01-08T06:05:03Z,predictions_ec461786-8234-4303-931f-2d5b8bc99cd5.json
505,2024-01-18T19:37:37Z,predictions_ed3008f9-7691-46b4-8af6-061caaf29cd1.json
504,2024-01-08T04:45:03Z,predictions_edb69a70-bf0c-4869-80b4-fa0d3b9b596f.json
493,2024-01-08T05:58:08Z,predictions_ef691133-6ede-43df-8274-3e45638a2e5f.json
492,2024-01-08T04:49:57Z,predictions_f0cbe155-2759-41c3-96e5-d45f7ba4b5e2.json
507,2024-01-08T06:01:51Z,predictions_f0e768c3-55a0-4031-9921-e04253647889.json
501,2024-01-08T04:46:36Z,predictions_f3c42dea-9550-4dcb-91bf-b8f433abc4bc.json
513,2024-01-08T04:36:57Z,predictions_f3ed7e5b-9b04-49cd-971e-76270ca57ec9.json
483,2024-01-18T19:43:39Z,predictions_f525750d-1435-4041-94a3-3c8de8f10569.json
504,2024-01-08T05:56:36Z,predictions_f5e7c47d-88df-4f6c-bfe1-b141aa023206.json
500,2024-01-08T04:58:50Z,predictions_f7f01d40-16ea-4202-8acd-6674d19e4ba6.json
498,2024-01-08T04:43:25Z,predictions_f845e93f-ce1c-400c-a83a-604febd7e81c.json
508,2024-01-08T05:56:34Z,predictions_f9536d21-eb0b-463f-b409-06d6583d5c88.json
506,2024-01-08T05:57:13Z,predictions_f9df04d7-9cee-4003-8154-af95288aebec.json
483,2024-01-18T19:41:50Z,predictions_fa956226-477e-4652-bef1-9dc1127e567e.json
506,2024-01-08T06:13:19Z,predictions_fb5b1787-28ac-4e14-93e3-0c25046ca406.json
488,2024-01-08T04:35:46Z,predictions_fc498fd3-54c5-452b-976b-b9668f670b6d.json
492,2024-01-18T19:43:48Z,predictions_fc7b81c2-43a0-4f1f-bae3-4258bcaa32d1.json
501,2024-01-08T04:45:51Z,predictions_fd1f0566-d657-4ab1-b062-53b055677fe4.json
509,2024-01-18T19:02:03Z,predictions_fe03544b-9ad4-4f0a-bcc7-6507b3f2d40f.json
505,2024-01-08T06:04:38Z,predictions_ffc80060-c2b5-4c91-a6f7-a00c4ba6c015.json
