questions,variable,mean,var,lower,upper
0,m2_diss,1.5606704934644322,0.029628562259136095,1.5366690350828671,1.584671951845996
0,m3_diss,1.5414949552552555,0.03583512009474152,1.5150990370132642,1.567890873497245
0,qsampled_diss,1.6031871077988442,0.031943907970111166,1.5782654823078994,1.6281087332897877
0,random_diss,1.6199788113676348,0.02961555880629528,1.595982620472237,1.6439750022630317
1,m2_diss,1.3583736684281755,0.22017674759836472,1.2929450020169617,1.4238023348393893
1,m3_diss,2.152759373752858,0.3164036643217287,2.074325602974781,2.231193144530935
1,qsampled_diss,1.3009573743291907,0.13237484063711716,1.250225014100881,1.3516897345575003
1,random_diss,1.8086050625647132,0.43422458417683,1.7167211359331296,1.9004889891962968
2,m2_diss,1.4716020936154075,0.17507063386408767,1.4132590616875862,1.5299451255432288
2,m3_diss,1.9705642884786465,0.15735984866756328,1.915251021886657,2.025877555070636
2,qsampled_diss,1.497502983819999,0.17779579546830102,1.438707619517566,1.5562983481224313
2,random_diss,1.8461010908038782,0.3112418263095722,1.7683097387364302,1.9238924428713249
3,m2_diss,1.4481171665081982,0.1339767158916245,1.3970787717849522,1.4991555612314447
3,m3_diss,1.7830235449496732,0.0949366653015234,1.740060077092,1.8259870128073463
3,qsampled_diss,1.5076417507537931,0.12944904793391765,1.457473174908946,1.5578103265986407
3,random_diss,1.7621108739625633,0.21173047992861968,1.6979494441670215,1.8262723037581041
4,m2_diss,1.4166315000410505,0.11742126955640768,1.3688504457537078,1.4644125543283941
4,m3_diss,1.8809853541714845,0.06334602247182272,1.8458906151120602,1.9160800932309079
4,qsampled_diss,1.4328248254375944,0.13227035303233683,1.38211249148178,1.4835371593934084
4,random_diss,1.7502367578916176,0.16389020144299718,1.693787422006183,1.8066860937770526
5,m2_diss,1.510253572024637,0.12627388623998853,1.4607040903598105,1.5598030536894636
5,m3_diss,1.9015136314428798,0.07299148860694175,1.8638416509271583,1.9391856119586026
5,qsampled_diss,1.4570366664205856,0.13853138167888887,1.405137972891228,1.508935359949943
5,random_diss,1.7455312429856957,0.15039362255720096,1.6914561776828383,1.7996063082885536
6,m2_diss,1.5281194903462225,0.09527008727048766,1.4850806437686697,1.5711583369237758
6,m3_diss,1.9729217843792144,0.06944700720876953,1.9361758656857047,2.009667703072725
6,qsampled_diss,1.449633867388454,0.10410976803076341,1.404642615069848,1.4946251197070606
6,random_diss,1.7479105163581752,0.14335674702696383,1.6951156844821837,1.8007053482341662
7,m2_diss,1.5616494674149195,0.07031879925848644,1.5246736259988038,1.5986253088310338
7,m3_diss,1.9713230975897371,0.06001870141325597,1.937162485820044,2.00548370935943
7,qsampled_diss,1.496141640093776,0.06703982924554432,1.460038182812104,1.5322450973754482
7,random_diss,1.8042375340110846,0.11705286696988348,1.7565314937846308,1.8519435742375383
8,m2_diss,1.5693892101117957,0.05754284367055477,1.5359406056826765,1.6028378145409152
8,m3_diss,2.0183043618640495,0.05108162261485019,1.9867895524911234,2.0498191712369755
8,qsampled_diss,1.4909230372778324,0.06406909800075546,1.4556285686919943,1.5262175058636704
8,random_diss,1.8042094972387708,0.09802382001386205,1.760553073723879,1.8478659207536625
9,m2_diss,1.568264269745835,0.04830833824742021,1.537616887035937,1.5989116524557332
9,m3_diss,2.015737281947784,0.05480655742418067,1.983093640113398,2.0483809237821697
9,qsampled_diss,1.4666669981605027,0.051836781308331414,1.4349200958248254,1.498413900496181
9,random_diss,1.760011371141018,0.08406911203033192,1.719581666136214,1.8004410761458214
10,m2_diss,1.5471922417734512,0.04507720379700788,1.5175875307279836,1.5767969528189196
10,m3_diss,2.0006914982842026,0.05147464470190177,1.9690556837216666,2.032327312846739
10,qsampled_diss,1.4595415010297628,0.05000584549776602,1.4283603078601026,1.4907226941994243
10,random_diss,1.7332214941631618,0.07797207479760576,1.6942854444486888,1.7721575438776358
11,m2_diss,1.5387398891090265,0.03939703391805173,1.5110632018989216,1.5664165763191322
11,m3_diss,1.9444244446026,0.04075080400690667,1.916276257234048,1.9725726319711525
11,qsampled_diss,1.4716928942664402,0.04273513708363313,1.442867524099138,1.500518264433743
11,random_diss,1.7378516185761468,0.0720638625092599,1.7004197842200575,1.7752834529322365
12,m2_diss,1.5335612007138135,0.03689351661173451,1.5067783149458016,1.5603440864818254
12,m3_diss,1.9292128772740103,0.038999600012598654,1.9016761439448862,1.9567496106031343
12,qsampled_diss,1.4467032768694663,0.03577989782810924,1.4203277046514977,1.473078849087435
12,random_diss,1.7010811277796372,0.06180508556827463,1.6664158688557698,1.7357463867035041
13,m2_diss,1.5517836789338135,0.03548021226726963,1.52551879735085,1.5780485605167767
13,m3_diss,1.942584245479766,0.03453093199367978,1.9166731071731593,1.968495383786374
13,qsampled_diss,1.4987326674973827,0.04074199618741777,1.4705875222473515,1.5268778127474143
13,random_diss,1.720378373825929,0.06394632517362443,1.685117738083837,1.7556390095680212
14,m2_diss,1.5657458090854635,0.033830448099654416,1.5400988300076335,1.5913927881632934
14,m3_diss,1.9582725457880041,0.03238808120416026,1.9331782535024866,1.9833668380735208
14,qsampled_diss,1.4964673039200904,0.03810300594666603,1.469248943435404,1.523685664404776
14,random_diss,1.7141503772937687,0.06016797694453676,1.679947310617694,1.7483534439698434
15,m2_diss,1.573923113282441,0.03303007534936581,1.5485813328011548,1.5992648937637257
15,m3_diss,1.9751485010989291,0.03249509050656987,1.9500127875835753,2.000284214614283
15,qsampled_diss,1.5034382519520242,0.03618413471600061,1.4769141042158846,1.5299623996881637
15,random_diss,1.721829997722353,0.05908796519284095,1.687935292627721,1.7557247028169838
16,m2_diss,1.5659198858212011,0.03024179848903324,1.5416713148296606,1.5901684568127417
16,m3_diss,1.9738990992216265,0.0305548384736642,1.9495253499964063,1.998272848446846
16,qsampled_diss,1.5049477384695882,0.0325792684334063,1.4797794892125213,1.530115987726655
16,random_diss,1.729541913091692,0.055904925469209256,1.6965727913051403,1.7625110348782438
17,m2_diss,1.5602056968270934,0.027732973887712894,1.5369847157927632,1.5834266778614232
17,m3_diss,1.941359538857117,0.026873524555267116,1.918501200496086,1.9642178772181462
17,qsampled_diss,1.5397280119096626,0.031121001565036537,1.515129483580048,1.5643265402392772
17,random_diss,1.7528597418114744,0.05005051771436545,1.7216646240491038,1.7840548595738446
18,m2_diss,1.560635313940866,0.02243763818843882,1.539748561817545,1.5815220660641869
18,m3_diss,1.8962157653149803,0.023044900841912914,1.875048255770214,1.9173832748597466
18,qsampled_diss,1.5693140770284766,0.03270607543979919,1.5440968946464602,1.5945312594104921
18,random_diss,1.7515358753198225,0.04711421657293369,1.721269645228413,1.7818021054112327
19,m2_diss,1.5772413284628026,0.02450207259761041,1.5554148458633088,1.5990678110622973
19,m3_diss,1.9267289169023996,0.02287919238821263,1.9056376490312505,1.9478201847735486
19,qsampled_diss,1.5608927773597034,0.032267542838857084,1.535845225178442,1.5859403295409635
19,random_diss,1.7597544991719551,0.045998215611408516,1.7298488775119074,1.7896601208320033
20,m2_diss,1.5592558220514479,0.025492538276201078,1.536992555684725,1.5815190884181707
20,m3_diss,1.966714894446048,0.023332972157044895,1.9454154942414819,1.9880142946506132
20,qsampled_diss,1.5311295875413,0.03408031683997987,1.5053880695306228,1.5568711055519777
20,random_diss,1.7724599292542005,0.04542519342355654,1.7427411658152616,1.8021786926931385
21,m2_diss,1.5600605900693798,0.024095370604167585,1.5384160108366935,1.581705169302067
21,m3_diss,1.981281876830991,0.023173786140835657,1.9600552570972112,2.0025084965647713
21,qsampled_diss,1.5171468841543545,0.03020313762046846,1.492913817707323,1.541379950601386
21,random_diss,1.7751996011199684,0.042130448450581344,1.7465788924275425,1.8038203098123935
22,m2_diss,1.576290302277166,0.026394062401160573,1.5536367943870137,1.5989438101673181
22,m3_diss,2.0053380929434077,0.02134004954021623,1.9849686077030417,2.0257075781837734
22,qsampled_diss,1.5161029507545518,0.03198748731361849,1.4911643314456384,1.5410415700634648
22,random_diss,1.7916246418545487,0.040863740466484014,1.7634374766398508,1.819811807069247
23,m2_diss,1.5688870243493815,0.024114189858356432,1.547233994212562,1.5905400544862016
23,m3_diss,1.9753735287282919,0.019643436057685305,1.9558305359681045,1.9949165214884788
23,qsampled_diss,1.5127799967339235,0.030349232711787147,1.4884883923097647,1.5370716011580823
23,random_diss,1.779506835186045,0.039256383520139174,1.7518795960845763,1.8071340742875128
24,m2_diss,1.5706761316290585,0.024396311319157888,1.5488968061239026,1.5924554571342149
24,m3_diss,1.9740734644784481,0.021037530936504054,1.953848874478449,1.9942980544784472
24,qsampled_diss,1.513954528367478,0.03143128777252461,1.489233676636959,1.538675380097998
24,random_diss,1.7796596614957505,0.03987097932428067,1.7518169970157247,1.8075023259757763
25,m2_diss,1.5676893405011447,0.02279420642541838,1.5466372813862126,1.5887413996160755
25,m3_diss,1.976752732306629,0.01902889300279161,1.957517868994037,1.9959875956192206
25,qsampled_diss,1.505735087902209,0.02826296082918478,1.4822932763313894,1.5291768994730284
25,random_diss,1.775881829758275,0.036682969276207865,1.7491754768635013,1.8025881826530488
26,m2_diss,1.5901514648156192,0.021280802277928154,1.5698102755509626,1.6104926540802749
26,m3_diss,1.9790942770001698,0.01800339433181376,1.9603848908177153,1.9978036631826248
26,qsampled_diss,1.5229272275545191,0.029281893481663795,1.4990665967678038,1.5467878583412336
26,random_diss,1.7879934715787191,0.03463959313358651,1.7620415970078958,1.813945346149542
27,m2_diss,1.5976468490565676,0.02039132284997375,1.5777353002446228,1.6175583978685124
27,m3_diss,1.9713709259173962,0.01727777465720637,1.9530424545618301,1.9896993972729609
27,qsampled_diss,1.532989583393745,0.027867511135386852,1.5097123460923076,1.5562668206951824
27,random_diss,1.7837957024896423,0.03254385634508235,1.7586411352860625,1.808950269693222
28,m2_diss,1.593289749386094,0.019020557142545358,1.5740590995791413,1.6125203991930463
28,m3_diss,1.963859477840596,0.016642145383282913,1.9458713072228035,1.9818476484583885
28,qsampled_diss,1.5354340862297462,0.025657536523619517,1.51309888753698,1.5577692849225115
28,random_diss,1.7839428710279353,0.03128431452678899,1.759279884586771,1.8086058574690995
29,m2_diss,1.6140245049470578,0.019867890500638363,1.5943701759604545,1.6336788339336603
29,m3_diss,1.9666101544829397,0.01630593866979419,1.9488046105754209,1.9844156983904577
29,qsampled_diss,1.5551612402210377,0.02765766931082319,1.5319718070981823,1.5783506733438932
29,random_diss,1.7939742417243065,0.030452958878714166,1.7696411613622856,1.8183073220863266
30,m2_diss,1.6155100271396667,0.01852889500993541,1.5965295510089665,1.6344905032703678
30,m3_diss,1.9593067388754506,0.015007742772113348,1.9422246872089475,1.9763887905419533
30,qsampled_diss,1.5555451218878296,0.025574372156239405,1.533246150373299,1.57784409340236
30,random_diss,1.7897306682221261,0.028295719683325685,1.7662752751921917,1.813186061252061
31,m2_diss,1.6174870760832596,0.01791989600286657,1.5988211266552521,1.636153025511267
31,m3_diss,1.960807645775874,0.014474956278523115,1.9440315470713605,1.9775837444803885
31,qsampled_diss,1.560147408528652,0.025905430761029198,1.537704571721867,1.582590245335438
31,random_diss,1.7921677185723004,0.02550364142262473,1.7698996044067103,1.8144358327378904
32,m2_diss,1.6194519552257944,0.01724799931425813,1.6011392837013787,1.6377646267502102
32,m3_diss,1.9512361527258986,0.013480772281236673,1.9350464181515121,1.967425887300285
32,qsampled_diss,1.578439723194592,0.024009757793935608,1.5568336306535566,1.600045815735628
32,random_diss,1.7966013581635243,0.023842014858654222,1.7750708728363673,1.8181318434906808
33,m2_diss,1.6116778777538605,0.01713192371940084,1.5934269305661017,1.6299288249416197
33,m3_diss,1.9280656326376155,0.014581878137318035,1.9112276881019283,1.9449035771733014
33,qsampled_diss,1.5741961045260169,0.022183498895535985,1.5534279758678404,1.5949642331841947
33,random_diss,1.7943027515323615,0.021985550145737245,1.7736274900361382,1.8149780130285849
34,m2_diss,1.6155077316569935,0.01639845222183034,1.5976517483273387,1.6333637149866478
34,m3_diss,1.9186103420248886,0.013729149206254846,1.9022721440273926,1.934948540022384
34,qsampled_diss,1.5724718986065387,0.02152363117311854,1.5520149849042457,1.5929288123088303
34,random_diss,1.793914535491809,0.020972312985149406,1.773721318711734,1.8141077522718838
35,m2_diss,1.599578908902747,0.01502372099578683,1.5824877663210593,1.6166700514844348
35,m3_diss,1.895705099504545,0.012883998706098616,1.8798777687335682,1.9115324302755223
35,qsampled_diss,1.559020621564616,0.01869686400515676,1.5399543081843463,1.5780869349448858
35,random_diss,1.780685408671141,0.02026731670181689,1.7608344964318574,1.800536320910426
36,m2_diss,1.5585933161254237,0.01277294406404176,1.5428343454444096,1.5743522868064384
36,m3_diss,1.8495717199562782,0.011021909913010256,1.8349327415252958,1.8642106983872615
36,qsampled_diss,1.5501382741864997,0.019065034523670674,1.5308851531791487,1.5693913951938507
36,random_diss,1.7620181269342012,0.020525989364649704,1.742040937301331,1.781995316567071
37,m2_diss,1.556586537055457,0.013103707989001243,1.5406248259699653,1.5725482481409487
37,m3_diss,1.8542171194881387,0.010571440699338968,1.8398804117707497,1.868553827205529
37,qsampled_diss,1.5466098106084312,0.018582852336942634,1.5276017183880173,1.565617902828845
37,random_diss,1.7643321021094582,0.020458294444894227,1.7443878821689873,1.7842763220499283
38,m2_diss,1.5493661450869824,0.013051243400737737,1.5334364197761503,1.5652958703978155
38,m3_diss,1.8413917969155849,0.010278446370441233,1.8272551607895369,1.8555284330416328
38,qsampled_diss,1.5438986552263756,0.018172464160531927,1.5251016244325006,1.5626956860202506
38,random_diss,1.7548989696053687,0.019374059818351583,1.7354904388310946,1.774307500379643
39,m2_diss,1.5747421306188605,0.014847276532258015,1.5577516469907744,1.5917326142469452
39,m3_diss,1.8545499322412682,0.011762754380564249,1.8394269703883572,1.8696728940941791
39,qsampled_diss,1.5538795274167996,0.02002736289778106,1.5341464769737505,1.5736125778598486
39,random_diss,1.7541197532617847,0.0180411522215324,1.7353907580843835,1.772848748439186
40,m2_diss,1.5756113526839652,0.014099188921427152,1.5590544381367761,1.5921682672311543
40,m3_diss,1.8646353432802032,0.011857881336100353,1.8494513538637158,1.8798193326966897
40,qsampled_diss,1.5541023388662096,0.01916085552016872,1.53480089533985,1.5734037823925706
40,random_diss,1.7569665537385584,0.01712937242949982,1.7387169655689603,1.7752161419081565
41,m2_diss,1.5784613162088648,0.013650466248736675,1.5621700033059573,1.5947526291117722
41,m3_diss,1.8616703710439466,0.01168282376869639,1.8465988787728587,1.8767418633150346
41,qsampled_diss,1.5498957292127213,0.01798936659551914,1.531193633363249,1.5685978250621928
41,random_diss,1.7492881961295705,0.015537331845383463,1.7319073640756775,1.7666690281834636
42,m2_diss,1.5696826748303991,0.012125357863686138,1.5543283888621933,1.5850369607986055
42,m3_diss,1.8677402489712662,0.01144256056866117,1.8528245382363502,1.8826559597061823
42,qsampled_diss,1.5475760047875091,0.016655785968442038,1.529580463758347,1.5655715458166717
42,random_diss,1.7484360381068413,0.014396333436620215,1.7317055623553763,1.7651665138583064
43,m2_diss,1.5697871434951198,0.010867756507470941,1.5552508965545353,1.5843233904357044
43,m3_diss,1.869352786703483,0.010596732338853998,1.854998939305802,1.883706634101163
43,qsampled_diss,1.5507757616018636,0.01587838261800264,1.5332052068421236,1.5683463163616036
43,random_diss,1.7525130729278922,0.014392255192916842,1.7357849670781302,1.769241178777655
44,m2_diss,1.5705967368140137,0.01066435098770462,1.5561971656825644,1.584996307945463
44,m3_diss,1.870639497166129,0.01056394281331317,1.8563078745677275,1.884971119764532
44,qsampled_diss,1.5545362515616008,0.014981649653517283,1.5374690561567683,1.5716034469664328
44,random_diss,1.7512027568301838,0.013974819152192447,1.7347190287913974,1.7676864848689706
45,m2_diss,1.5754678123189003,0.011487274194817423,1.5605229872419462,1.5904126373958558
45,m3_diss,1.885737818318525,0.009596949753821866,1.872077873250305,1.899397763386745
45,qsampled_diss,1.5390097049354698,0.01591596042328339,1.5214183712110811,1.5566010386598594
45,random_diss,1.765559350940599,0.01454849379653711,1.7487406921848065,1.78237800969639
46,m2_diss,1.5722220351722138,0.011629008777973166,1.5571852951325926,1.587258775211835
46,m3_diss,1.9125242816299775,0.010205427795658606,1.8984379486718908,1.9266106145880646
46,qsampled_diss,1.5314571497067686,0.0159537686414961,1.513844934349983,1.5490693650635547
46,random_diss,1.7770472009588902,0.015423163780599311,1.7597303436804352,1.7943640582373444
47,m2_diss,1.5612968054250096,0.011297794025822573,1.5464757487249627,1.576117862125057
47,m3_diss,1.8943897369103664,0.009414660224659553,1.880860145916706,1.9079193279040267
47,qsampled_diss,1.5346752886745472,0.015003807364347825,1.5175954768267628,1.5517551005223316
47,random_diss,1.771933921980773,0.014793848870216777,1.7549740358810988,1.7888938080804468
48,m2_diss,1.5270344872405284,0.010075136670593883,1.5130383621465948,1.5410306123344615
48,m3_diss,1.8533763856382979,0.008855667794327483,1.8402545981311942,1.866498173145402
48,qsampled_diss,1.5172622696745983,0.014211220212689755,1.500639705167764,1.5338848341814326
48,random_diss,1.7561932473558626,0.014024391692601109,1.7396803090320507,1.772706185679673
49,m2_diss,1.5261691007790321,0.009618658124738418,1.512493714989538,1.5398444865685261
49,m3_diss,1.8514501131564338,0.007419275404450312,1.839439557816927,1.8634606684959416
49,qsampled_diss,1.5192195856096504,0.013935987401126337,1.502758775123168,1.535680396096133
49,random_diss,1.7569300426998367,0.013075546317153812,1.740985492796655,1.7728745926030183
50,m2_diss,1.5239909837730716,0.010498776634592357,1.5097036335575615,1.5382783339885826
50,m3_diss,1.8487226262631637,0.006887886911678258,1.837150175373747,1.8602950771525801
50,qsampled_diss,1.5166843242161252,0.013961582897784845,1.5002084043107744,1.533160244121476
50,random_diss,1.7561780010432468,0.012727609195301744,1.740447021791679,1.7719089802948143
51,m2_diss,1.5211604819979347,0.010118327444559498,1.5071343892210085,1.535186574774861
51,m3_diss,1.8484545759928415,0.006748135666272612,1.8370001258833628,1.8599090261023206
51,qsampled_diss,1.5144092549921562,0.013902466043689493,1.4979682536842875,1.530850256300024
51,random_diss,1.7547975778547957,0.01226811714408998,1.7393531686629542,1.7702419870466373
52,m2_diss,1.5166466578738877,0.009748388357907613,1.5028793585891307,1.5304139571586435
52,m3_diss,1.8405000991612135,0.006723114177123866,1.8290669048167132,1.8519332935057138
52,qsampled_diss,1.5139523630043206,0.013841131531495222,1.4975476687609992,1.5303570572476415
52,random_diss,1.751459186945077,0.011841892011464463,1.7362854381283612,1.766632935761792
53,m2_diss,1.5303904979126246,0.010512656803198083,1.5160937063433886,1.5446872894818597
53,m3_diss,1.855557895797389,0.0070199645008709715,1.8438750189049575,1.867240772689821
53,qsampled_diss,1.509719588084707,0.014511836608730674,1.4929221313031118,1.526517044866303
53,random_diss,1.7678262805599865,0.011873714157385603,1.752632157579614,1.783020403540359
54,m2_diss,1.5346574786349536,0.010123923630246688,1.520627507659283,1.5486874496106247
54,m3_diss,1.8596109633409588,0.006941858997042955,1.8479932612339456,1.871228665447972
54,qsampled_diss,1.5079130414655701,0.013965728125282496,1.491434675871641,1.5243914070594984
54,random_diss,1.7675593632214903,0.011397770018849727,1.7526728740033055,1.7824458524396747
55,m2_diss,1.5193195915971054,0.0088750329569498,1.5061834648673709,1.5324557183268408
55,m3_diss,1.8318710284247786,0.006807797731196258,1.8203660538224051,1.8433760030271524
55,qsampled_diss,1.5054487515357469,0.013330326273287039,1.4893496094974552,1.5215478935740385
55,random_diss,1.7554241764340681,0.011093535552818612,1.740737709488801,1.770110643379336
56,m2_diss,1.5253571175603597,0.008392010071900685,1.5125834579028754,1.538130777217844
56,m3_diss,1.836473183781007,0.0068202157471333605,1.8249577209215202,1.847988646640495
56,qsampled_diss,1.5065478309322151,0.012828105786805603,1.4907548682659078,1.522340793598523
56,random_diss,1.7555906791969884,0.010319421696244934,1.7414258930424475,1.7697554653515293
57,m2_diss,1.538523548167876,0.008391672489365868,1.525750145433807,1.5512969509019452
57,m3_diss,1.8422977956529776,0.006560455585108345,1.8310037551157303,1.853591836190224
57,qsampled_diss,1.5110058888405118,0.011938610910605945,1.495770300082342,1.5262414775986817
57,random_diss,1.7577621631482325,0.01039401155010987,1.7435462768924848,1.7719780494039803
58,m2_diss,1.5344440065595637,0.00794095751118009,1.5220183662274578,1.5468696468916696
58,m3_diss,1.8401604749005047,0.006097869049968455,1.8292718913157318,1.8510490584852786
58,qsampled_diss,1.509364591551736,0.012247410837131668,1.4939332215136267,1.5247959615898456
58,random_diss,1.7540142269833354,0.009923986112551218,1.74012348590112,1.7679049680655508
59,m2_diss,1.5385285904879829,0.00799008833935448,1.5260645706126241,1.550992610363342
59,m3_diss,1.8493559776414807,0.006364882059465017,1.8382315539141758,1.8604804013687857
59,qsampled_diss,1.5112426710108866,0.01204498346231128,1.4959393585250567,1.5265459834967157
59,random_diss,1.7589384793077512,0.009884092168548094,1.7450756863949175,1.772801272220584
60,m2_diss,1.545469565144863,0.008307904706915706,1.5327600759682676,1.5581790543214573
60,m3_diss,1.850574473115079,0.006378840313627705,1.8394378580781596,1.861711088151999
60,qsampled_diss,1.5253664008569183,0.011899631395589515,1.510155704500752,1.5405770972130841
60,random_diss,1.7708183959823094,0.010189655245256021,1.7567429524896894,1.7848938394749307
61,m2_diss,1.5373476625426008,0.008386274858527934,1.52457836847715,1.5501169566080517
61,m3_diss,1.8621171315168272,0.00669161137664396,1.850710755142941,1.8735235078907135
61,qsampled_diss,1.5188548760906846,0.011643294385094724,1.5038089029756188,1.5339008492057509
61,random_diss,1.771982367321726,0.01070822247657464,1.7575532077864517,1.7864115268570004
62,m2_diss,1.527021908165189,0.009516351969005554,1.5134194439967406,1.5406243723336388
62,m3_diss,1.8819418046292793,0.006646883918604486,1.8705736128999195,1.8933099963586395
62,qsampled_diss,1.503338868123342,0.012697715984672833,1.4876263733299016,1.519051362916781
62,random_diss,1.788535498624677,0.010626563778099061,1.774161461277071,1.802909535972283
63,m2_diss,1.5231383161545429,0.009265906293701364,1.5097160361546553,1.5365605961544309
63,m3_diss,1.8897209187596367,0.006819328101205735,1.878206205288929,1.9012356322303434
63,qsampled_diss,1.496650112471676,0.012209062462922962,1.4812429202746857,1.5120573046686663
63,random_diss,1.7857844080029914,0.01069721719099324,1.7713626650974748,1.800206150908508
64,m2_diss,1.5254060111505765,0.008881283898842185,1.512265259158507,1.5385467631426455
64,m3_diss,1.8888479231904198,0.007043798483163497,1.877145230418906,1.9005506159619345
64,qsampled_diss,1.4983479156940547,0.012771313490431336,1.4825899509276408,1.5141058804604686
64,random_diss,1.7868656830527587,0.010146426583677138,1.7728201281715592,1.8009112379339587
65,m2_diss,1.5373533822687548,0.009803876527720719,1.523546956606009,1.5511598079315008
65,m3_diss,1.905917364466472,0.006709079570546759,1.8944961098428155,1.9173386190901276
65,qsampled_diss,1.4974792864489685,0.013918761672307961,1.4810286523900578,1.513929920507879
65,random_diss,1.7993484462351512,0.010091671295502452,1.7853408411079417,1.8133560513623612
66,m2_diss,1.5314298419314554,0.010006707120545374,1.5174813281185742,1.5453783557443361
66,m3_diss,1.9125784412618316,0.006369501595666407,1.9014499812965755,1.9237069012270878
66,qsampled_diss,1.4878893765728656,0.013543615310897601,1.4716619502033579,1.5041168029423733
66,random_diss,1.80338659100143,0.01024216172386552,1.7892749292889052,1.8174982527139543
67,m2_diss,1.533966694656903,0.009716154668644752,1.5202221754604017,1.5477112138534044
67,m3_diss,1.912434912400438,0.006260182402897853,1.901402364134538,1.9234674606663382
67,qsampled_diss,1.4881775150872694,0.013317438382505027,1.4720861573354855,1.5042688728390523
67,random_diss,1.801887583822309,0.009945214207601681,1.7879819940468302,1.8157931735977877
68,m2_diss,1.531073722233439,0.010274485245626984,1.5169398103700968,1.545207634096781
68,m3_diss,1.908792452297011,0.006056070092407169,1.8979412517774923,1.9196436528165302
68,qsampled_diss,1.4860435459956272,0.01318267681349195,1.4700338109381308,1.502053281053123
68,random_diss,1.7965085535595626,0.01005917727273273,1.7825235180549248,1.8104935890642004
69,m2_diss,1.5291083274998085,0.009671923280500816,1.515395128957018,1.542821526042599
69,m3_diss,1.9028638601609627,0.005770835794782727,1.8922712814249494,1.913456438896976
69,qsampled_diss,1.4859602881042773,0.011742626098964556,1.4708502709052087,1.5010703053033445
69,random_diss,1.795335631426058,0.009401570149111506,1.7818154494268623,1.8088558134252533
70,m2_diss,1.539218409112934,0.009469698237467999,1.5256493288195028,1.5527874894063651
70,m3_diss,1.909508180962557,0.005963130900948591,1.8987405660848626,1.9202757958402512
70,qsampled_diss,1.4947483148720369,0.011423423338271371,1.479845082325023,1.509651547419052
70,random_diss,1.7989067109404935,0.0095460025770095,1.7852830722894137,1.8125303495915732
71,m2_diss,1.543766226549873,0.009421238176817242,1.5302319098698791,1.5573005432298666
71,m3_diss,1.9113028450230187,0.005683537686397091,1.9007906910262349,1.9218149990198026
71,qsampled_diss,1.49574564934378,0.011242180139720188,1.4809611162969984,1.5105301823905628
71,random_diss,1.7978391566921317,0.009470642129288189,1.784269400166764,1.8114089132174997
72,m2_diss,1.550680718656389,0.009387114621430924,1.5371709347367593,1.564190502576018
72,m3_diss,1.913971996709862,0.005708969219759133,1.9034363501440825,1.9245076432756416
72,qsampled_diss,1.5033663969812938,0.011298322924544907,1.4885449933663453,1.5181878005962428
72,random_diss,1.8002160516592678,0.009226388955638074,1.786822423984161,1.8136096793343741
73,m2_diss,1.5460539139711094,0.008676266349033608,1.5330657195712973,1.5590421083709218
73,m3_diss,1.8965803145134592,0.0056215259579563154,1.8861256656094816,1.9070349634174368
73,qsampled_diss,1.501187298059121,0.010737242407962116,1.4867385998045923,1.5156359963136496
73,random_diss,1.7883751214014658,0.009231134211231277,1.774978049907922,1.8017721928950097
74,m2_diss,1.547842906067568,0.008639407360059135,1.5348823296096978,1.5608034825254369
74,m3_diss,1.8933471880720345,0.005531360171108248,1.8829767211285582,1.903717655015509
74,qsampled_diss,1.505801443800285,0.010578397077686284,1.4914600198306527,1.520142867769918
74,random_diss,1.7907327602147012,0.009256060469911948,1.7773176132746729,1.8041479071547295
75,m2_diss,1.566498986359797,0.009519626195701352,1.5528941823387876,1.5801037903808062
75,m3_diss,1.9056688607968133,0.0061577675115236105,1.8947269294294573,1.9166107921641697
75,qsampled_diss,1.512031459885512,0.010979063314267724,1.497420962960991,1.5266419568100331
75,random_diss,1.8040943449493378,0.01044042010048327,1.7898467575603134,1.8183419323383623
76,m2_diss,1.5498260695068915,0.008114313315026603,1.5372655318794959,1.5623866071342867
76,m3_diss,1.8891867104709008,0.005336764644771935,1.8790002954226335,1.8993731255191681
76,qsampled_diss,1.5089375794757955,0.009990190558619603,1.4950005817706569,1.5228745771809342
76,random_diss,1.7910516345114789,0.009024499888391383,1.7778053550174713,1.8042979140054864
77,m2_diss,1.5469113081063182,0.007627787411846455,1.5347331493098355,1.5590894669028021
77,m3_diss,1.8857931431046415,0.005290307208684963,1.8756511621997083,1.8959351240095743
77,qsampled_diss,1.5090426766051366,0.010147601298323197,1.4949963086770306,1.5230890445332435
77,random_diss,1.7880616953176716,0.008716026786591813,1.7750437746518306,1.801079615983513
78,m2_diss,1.5566658134704914,0.007465804212196394,1.5446176558475775,1.5687139710934053
78,m3_diss,1.8935732260255451,0.005156526670545025,1.8835603007169008,1.9035861513341903
78,qsampled_diss,1.5122857286233744,0.00985978538561095,1.4984399917693596,1.5261314654773888
78,random_diss,1.7874245913345093,0.008706700947890137,1.774413636888653,1.800435545780366
79,m2_diss,1.542555759200685,0.00740994587095332,1.53055275770709,1.5545587606942806
79,m3_diss,1.8698348153051692,0.004267782612473379,1.8607255471419522,1.8789440834683862
79,qsampled_diss,1.505470022409022,0.009058908780153942,1.4921985140288192,1.5187415307892254
79,random_diss,1.775636287596372,0.008030483147655981,1.7631408008007916,1.7881317743919525
80,m2_diss,1.5454135933776558,0.007377264355048744,1.5334370907128314,1.5573900960424807
80,m3_diss,1.8681544015925027,0.004088681727146805,1.8592383208020693,1.8770704823829352
80,qsampled_diss,1.5100192672616395,0.009140862161941384,1.4966878622548128,1.5233506722684662
80,random_diss,1.775303848015499,0.007777183285112531,1.7630070083785236,1.7876006876524744
81,m2_diss,1.5455785439124528,0.007247214355674681,1.5337080744296772,1.5574490133952283
81,m3_diss,1.8654268382245918,0.004063457226669948,1.8565383031873628,1.8743153732618207
81,qsampled_diss,1.5126403678981115,0.009070028264884171,1.4993607168662273,1.5259200189299962
81,random_diss,1.7754248592848905,0.007553938992794606,1.763305795286226,1.7875439232835535
82,m2_diss,1.5463117649748432,0.007068802784976276,1.5345883193072323,1.5580352106424533
82,m3_diss,1.8751970155933433,0.00411271697361024,1.8662547666886082,1.8841392644980774
82,qsampled_diss,1.5090864265840687,0.008985294921255587,1.4958689511902958,1.5223039019778424
82,random_diss,1.7803420062343955,0.0074919768070139696,1.768272748696414,1.7924112637723761
83,m2_diss,1.547198343943332,0.006841793529396347,1.5356646791723447,1.558732008714319
83,m3_diss,1.8782084680974807,0.0039907319756001865,1.8693998329327515,1.887017103262209
83,qsampled_diss,1.5095727167926467,0.008871352283508467,1.4964393142672598,1.5227061193180327
83,random_diss,1.7821234745589283,0.007570839688811861,1.7699908609286275,1.7942560881892295
84,m2_diss,1.549315510536955,0.006736947800653845,1.5378705596443651,1.5607604614295443
84,m3_diss,1.8772431308182984,0.004000509609148032,1.8684237113016322,1.8860625503349655
84,qsampled_diss,1.5102048147453753,0.008828856728585221,1.4971029057951646,1.523306723695585
84,random_diss,1.7825819937282523,0.007484964604584212,1.7705183856931714,1.7946456017633332
85,m2_diss,1.5517621296238286,0.006867560384630966,1.540206766815126,1.5633174924325313
85,m3_diss,1.8744986270947406,0.0038633343006038746,1.8658317330469063,1.8831655211425748
85,qsampled_diss,1.5121555275748082,0.008998837838498183,1.498928095035612,1.5253829601140048
85,random_diss,1.7799886111519851,0.007145069746214944,1.7682020916632502,1.7917751306407201
86,m2_diss,1.5561379080058644,0.006689812322741337,1.5447330650492836,1.5675427509624456
86,m3_diss,1.8778406356302186,0.0037623269010570253,1.8692877905364933,1.886393480723944
86,qsampled_diss,1.5138787951957398,0.008757517371133805,1.5008299269492649,1.526927663442215
86,random_diss,1.7811349157314345,0.007207358731871945,1.7692971317185995,1.7929726997442694
87,m2_diss,1.5613608962727172,0.006436283019775398,1.5501742499192017,1.5725475426262336
87,m3_diss,1.892589079893818,0.003721963506342901,1.8840822372851627,1.9010959225024735
87,qsampled_diss,1.5091293853561343,0.008535183456937214,1.4962472228746515,1.5220115478376162
87,random_diss,1.7843511254821918,0.007075431130118233,1.77262218462404,1.7960800663403427
88,m2_diss,1.562631224882196,0.006260345145746028,1.551598533213393,1.5736639165509991
88,m3_diss,1.8915843550699378,0.003615580193689855,1.8831999675722266,1.899968742567649
88,qsampled_diss,1.50763099342119,0.008228288287881936,1.494982549719535,1.520279437122845
88,random_diss,1.7822098069803056,0.006836266552131133,1.770680801746461,1.7937388122141489
89,m2_diss,1.5557564995552826,0.006157469753312029,1.5448148327391047,1.5666981663714605
89,m3_diss,1.88227457323306,0.003502879875745389,1.8740218940121722,1.8905272524539471
89,qsampled_diss,1.5076768629795005,0.00820297389361313,1.495047890784196,1.520305835174806
89,random_diss,1.7796291298267854,0.006561393035545167,1.7683342823924493,1.790923977261122
90,m2_diss,1.5484028166160664,0.005831545019891392,1.5377546666560558,1.559050966576077
90,m3_diss,1.8675224432451423,0.0033609768353353277,1.8594386517733468,1.8756062347169387
90,qsampled_diss,1.5074447331094654,0.007922070091755027,1.495033878651537,1.5198555875673947
90,random_diss,1.7722584123138057,0.006224390332648698,1.7612574480942274,1.783259376533384
91,m2_diss,1.5456793748720676,0.005723280179598419,1.5351305314542487,1.5562282182898861
91,m3_diss,1.8621535284564297,0.003372122160813062,1.8540563447592675,1.8702507121535923
91,qsampled_diss,1.5085003776118993,0.007820001069336972,1.4961697339167657,1.5208310213070328
91,random_diss,1.7701398071369072,0.006196515253925901,1.759163503713305,1.781116110560509
92,m2_diss,1.5426350433037788,0.005640372086755523,1.5321628844921409,1.5531072021154162
92,m3_diss,1.8605879191247479,0.0033530010313332684,1.8525137250163994,1.8686621132330976
92,qsampled_diss,1.5070843961177156,0.007683749559813412,1.4948616457216555,1.5193071465137744
92,random_diss,1.7672284402295444,0.00599158861995002,1.7564351629061599,1.7780217175529294
93,m2_diss,1.548831054410281,0.005646034877601715,1.5383536400262032,1.5593084687943597
93,m3_diss,1.8616875068301244,0.003513144654010998,1.853422744700819,1.8699522689594303
93,qsampled_diss,1.5108937768748913,0.007420415352364298,1.498882298879134,1.5229052548706474
93,random_diss,1.7621039407656205,0.005908674164862572,1.751385604868641,1.7728222766625992
94,m2_diss,1.5461401683700748,0.00540635447056248,1.5358875545127757,1.5563927822273744
94,m3_diss,1.855941614313946,0.0034137792737107173,1.8477945703286323,1.8640886582992606
94,qsampled_diss,1.5108288982498168,0.007363695723073141,1.4988634145440332,1.5227943819556014
94,random_diss,1.757918516711047,0.00598767810167757,1.7471287621760212,1.768708271246073
95,m2_diss,1.5533487767208134,0.005549094486086248,1.5429616984968764,1.5637358549447513
95,m3_diss,1.8610455575019316,0.0033735043311699437,1.8529467145320375,1.8691444004718256
95,qsampled_diss,1.514163544001344,0.007114152656378274,1.5024025526004912,1.5259245354021975
95,random_diss,1.7584455029525319,0.005891461987850231,1.747742789887267,1.7691482160177963
96,m2_diss,1.55562841505032,0.005631794475952646,1.5451642220499784,1.5660926080506614
96,m3_diss,1.8602597212534784,0.0033107865582093624,1.8522365154206317,1.8682829270863246
96,qsampled_diss,1.5168340850454198,0.006999626592592329,1.5051681439667712,1.5285000261240689
96,random_diss,1.7584364984544243,0.005932921761791142,1.7476961925017684,1.7691768044070801
97,m2_diss,1.556198997154216,0.005613180179254543,1.5457521116755752,1.5666458826328573
97,m3_diss,1.8612311417365177,0.0032208498677635585,1.8533176603855388,1.8691446230874966
97,qsampled_diss,1.5152305386515175,0.006891897465868185,1.5036547191537024,1.526806358149332
97,random_diss,1.7586059428648797,0.005833176761152418,1.747956303264447,1.7692555824653133
98,m2_diss,1.551949942062592,0.005430869041830323,1.541674109772116,1.5622257743530679
98,m3_diss,1.8526183950565647,0.003072810764291252,1.8448889155483552,1.8603478745647741
98,qsampled_diss,1.5130227974935082,0.006740982386662702,1.5015744200694368,1.5244711749175792
98,random_diss,1.753636491943079,0.005588714094269781,1.743212398669772,1.7640605852163858
99,m2_diss,1.5529329213434826,0.005346102955913147,1.5427375980573883,1.563128244629577
99,m3_diss,1.8503882105733263,0.003086431171518845,1.842641619329141,1.8581348018175115
99,qsampled_diss,1.5166168737354166,0.006736330327427722,1.5051724473468682,1.5280613001239656
99,random_diss,1.754697711272493,0.005516908691123532,1.74434080036291,1.7650546221820753
100,m2_diss,1.553255815931351,0.00507817444391494,1.5433192538521872,1.5631923780105148
100,m3_diss,1.848104129819746,0.003031113410049202,1.8404272730945115,1.855780986544981
100,qsampled_diss,1.5167906930405395,0.006523859754452705,1.5055281970199532,1.5280531890611262
100,random_diss,1.7530956719882191,0.005503388214101808,1.7427514598818443,1.763439884094594
101,m2_diss,1.554520785932505,0.005053541948778854,1.5446083525886292,1.56443321927638
101,m3_diss,1.8465597236819233,0.002837036372559387,1.83913270024713,1.853986747116717
101,qsampled_diss,1.5166870806055548,0.006569421424324139,1.5053853252094116,1.527988836001698
101,random_diss,1.751411631441367,0.005066917259546202,1.7414860890477495,1.7613371738349841
102,m2_diss,1.5551910382337555,0.005040637705333536,1.5452912687022113,1.5650908077653005
102,m3_diss,1.845652696968822,0.0027873296972813983,1.838291024123678,1.8530143698139674
102,qsampled_diss,1.5173791735075641,0.006426983577529307,1.5062006115697928,1.5285577354453364
102,random_diss,1.749752630404828,0.005088671658726863,1.7398058035760027,1.7596994572336535
103,m2_diss,1.5470284261427443,0.004817320613317639,1.537350437277551,1.556706415007937
103,m3_diss,1.8369965323862691,0.0028347691413989073,1.8295724772152357,1.844420587557302
103,qsampled_diss,1.5155588026184024,0.006485401570940334,1.5043295518986768,1.526788053338127
103,random_diss,1.7457313536484134,0.0047965769229500735,1.7360742242822482,1.755388483014578
104,m2_diss,1.5483040371688008,0.004719962659189028,1.538724343455895,1.5578837308817066
104,m3_diss,1.8399986871442737,0.002959047480307384,1.832413639566098,1.847583734722449
104,qsampled_diss,1.5145281239902568,0.006307332695241055,1.5034541063206461,1.5256021416598666
104,random_diss,1.7435301136703052,0.004776079369930835,1.7338936406444068,1.753166586696204
105,m2_diss,1.5380446281250935,0.004542987578695107,1.528646245605605,1.5474430106445825
105,m3_diss,1.8290778917218988,0.0028891439348874668,1.8215829729283874,1.8365728105154098
105,qsampled_diss,1.5103213517571212,0.006141518912692327,1.4993938662496407,1.521248837264601
105,random_diss,1.7393004293618979,0.004814992399431384,1.7296247794682014,1.7489760792555944
106,m2_diss,1.5364327569343006,0.0045531424700063884,1.527023876226438,1.545841637642163
106,m3_diss,1.8245826342114142,0.0028844881845848996,1.8170937567471614,1.832071511675667
106,qsampled_diss,1.5100533121625617,0.006078689620927588,1.4991818658174672,1.5209247585076557
106,random_diss,1.7371597014287616,0.004712336058093347,1.7275877503660455,1.7467316524914778
107,m2_diss,1.5374914009851401,0.004566650408910418,1.528068573814766,1.5469142281555135
107,m3_diss,1.8258321988944732,0.0029357689290740387,1.8182770456582007,1.8333873521307462
107,qsampled_diss,1.5079079360006469,0.005894513805937113,1.4972024512545505,1.5186134207467432
107,random_diss,1.7374072419031519,0.004734163879196842,1.7278131475295668,1.747001336276737
108,m2_diss,1.531148904009262,0.004435334652757421,1.5218625435082476,1.540435264510278
108,m3_diss,1.8156266003291197,0.0028188193914714245,1.8082234602393412,1.8230297404188973
108,qsampled_diss,1.507168369638474,0.005836856126051675,1.4965153718564939,1.5178213674204544
108,random_diss,1.7393282484842114,0.004988831654364982,1.729479483665123,1.7491770133033007
109,m2_diss,1.5261729101439576,0.004595592373802465,1.5167202707066747,1.53562554958124
109,m3_diss,1.8054342442353082,0.0027689964199442553,1.7980968215262407,1.8127716669443756
109,qsampled_diss,1.5062387753863105,0.005633309724645126,1.4957731747717118,1.5167043760009082
109,random_diss,1.7357314354515774,0.004713362478129424,1.726158441985763,1.7453044289173918
110,m2_diss,1.5267727890251424,0.0045614268949295735,1.5173553524965002,1.5361902255537845
110,m3_diss,1.8033667404626126,0.002677154626689289,1.796152027285115,1.8105814536401097
110,qsampled_diss,1.5075496625112277,0.00558185533094192,1.4971319676989052,1.5179673573235501
110,random_diss,1.735917545529688,0.004598064360690323,1.7264623641285606,1.745372726930815
111,m2_diss,1.526877116926487,0.004559145008605273,1.5174620362623978,1.5362921975905752
111,m3_diss,1.8067716847048865,0.0026692209861544735,1.7995676697159846,1.8139756996937884
111,qsampled_diss,1.5058569936201003,0.0053776080714226775,1.4956316734365747,1.516082313803625
111,random_diss,1.7367556361153056,0.00460708213803427,1.7272911874498096,1.7462200847808007
112,m2_diss,1.5273645440178698,0.0044178369900648015,1.518096519244724,1.5366325687910156
112,m3_diss,1.804790523915152,0.0025765977739805237,1.7977126038106999,1.8118684440196051
112,qsampled_diss,1.5070117647007888,0.005257388742468116,1.4969013868215268,1.5171221425800507
112,random_diss,1.7348262822228722,0.004554298521556719,1.7254162071244479,1.7442363573212964
113,m2_diss,1.5282189487708984,0.004397928004468033,1.5189718307586102,1.5374660667831865
113,m3_diss,1.8104181750015764,0.002515715246367355,1.8034243770218474,1.8174119729813045
113,qsampled_diss,1.5056565620440756,0.005125566623476944,1.4956737410455327,1.5156393830426185
113,random_diss,1.7381367920417374,0.004499569109611969,1.7287834286921075,1.7474901553913664
114,m2_diss,1.5231222606269634,0.004399527499692635,1.5138734612119202,1.5323710600420066
114,m3_diss,1.819312620550449,0.0026819987448983332,1.8120913830713616,1.8265338580295356
114,qsampled_diss,1.5053580411951484,0.005370315770599889,1.4951396563819384,1.5155764260083584
114,random_diss,1.7439490155774333,0.004655492205806949,1.7344349718239949,1.7534630593308718
115,m2_diss,1.5208952787436962,0.00439870881826166,1.5116473398952277,1.5301432175921648
115,m3_diss,1.8169125572949678,0.002502508595932227,1.8099371410031604,1.8238879735867743
115,qsampled_diss,1.503881098185692,0.005389267918995269,1.4936446986229917,1.5141174977483924
115,random_diss,1.7407362248059417,0.004353706300254014,1.731535714703266,1.7499367349086175
116,m2_diss,1.5176939862817564,0.00440756883136926,1.5084367383787025,1.5269512341848104
116,m3_diss,1.8205561688517888,0.002458009241517178,1.8136430488116118,1.8274692888919655
116,qsampled_diss,1.500215499601882,0.005308199104338554,1.4900563830097997,1.5103746161939642
116,random_diss,1.741008076779975,0.00433975744275326,1.731822317277713,1.7501938362822382
117,m2_diss,1.5185859818229925,0.004506222104683138,1.5092257061564902,1.5279462574894944
117,m3_diss,1.8273514721236486,0.00243252657272954,1.8204742802873197,1.8342286639599774
117,qsampled_diss,1.4953439852512458,0.005132096351131869,1.4853548074574765,1.5053331630450142
117,random_diss,1.7459177760564801,0.004304983201111119,1.7367688930721903,1.75506665904077
118,m2_diss,1.5169458205655204,0.004416140083838286,1.5076795759032602,1.526212065227781
118,m3_diss,1.8226433370534216,0.00240425171316701,1.815806231110398,1.8294804429964444
118,qsampled_diss,1.4945981578395995,0.005129180323341372,1.4846118183459065,1.5045844973332934
118,random_diss,1.743314745271502,0.004310312449714092,1.7341602012207655,1.75246928932224
119,m2_diss,1.5139911830321102,0.004354018037539952,1.5047903435444794,1.5231920225197415
119,m3_diss,1.8166034577684655,0.0023409937287284487,1.8098568965187987,1.8233500190181324
119,qsampled_diss,1.4935853084561368,0.0050263370153050095,1.4836995921158986,1.503471024796374
119,random_diss,1.73971566500764,0.004219964226301958,1.7306575730136526,1.7487737570016277
120,m2_diss,1.5126099964369168,0.004230703283955758,1.5035403861505416,1.521679606723293
120,m3_diss,1.8148452490608609,0.0022665143036995575,1.8082068772320277,1.821483620889694
120,qsampled_diss,1.4922289961434327,0.0049584122789398085,1.4824103036323595,1.5020476886545073
120,random_diss,1.7377334723591307,0.00418966742032062,1.7287079547638748,1.746758989954386
121,m2_diss,1.5135695657189623,0.0045931530173217525,1.5041194353616925,1.5230196960762317
121,m3_diss,1.828529006817538,0.0024595848073682715,1.8216136715027396,1.8354443421323363
121,qsampled_diss,1.4887497661252005,0.00468319743195706,1.479207454927093,1.498292077323308
121,random_diss,1.7437644880892886,0.004390231396333293,1.7345254650946282,1.7530035110839481
122,m2_diss,1.5107519482833731,0.004488023048164453,1.5014105931809616,1.5200933033857846
122,m3_diss,1.8257144785836703,0.0024870166507438545,1.8187606866988957,1.832668270468445
122,qsampled_diss,1.4882932246905956,0.0045269980095225485,1.4789113960958657,1.497675053285324
122,random_diss,1.7405647154274138,0.0043849892357639055,1.731331210013037,1.7497982208417906
123,m2_diss,1.5086826913669356,0.004425326390563287,1.4994068140455266,1.517958568688345
123,m3_diss,1.819926902814486,0.0024054147225177755,1.813088143413815,1.8267656622151582
123,qsampled_diss,1.4879266032018794,0.004333381788021758,1.4787475937032242,1.4971056127005347
123,random_diss,1.7388135258647197,0.004285740166063138,1.7296851132800324,1.7479419384494075
124,m2_diss,1.5063732902932834,0.004380096821306008,1.4971449373137702,1.515601643272797
124,m3_diss,1.8155745323033075,0.002373819010297841,1.8087808357605493,1.8223682288460665
124,qsampled_diss,1.4872686883184838,0.004256310703318342,1.4781716713669635,1.496365705270005
124,random_diss,1.7355361166518524,0.004224749923970307,1.7264728898979247,1.7445993434057792
125,m2_diss,1.5038388865953547,0.004266899245004473,1.494730561222379,1.5129472119683305
125,m3_diss,1.8107051657857756,0.0023793001847218775,1.8039036304050642,1.8175067011664874
125,qsampled_diss,1.486769462413479,0.004201226504769897,1.477731502916438,1.4958074219105202
125,random_diss,1.7334406682945167,0.00416599196708769,1.7244406880427587,1.7424406485462751
126,m2_diss,1.501062662897332,0.004124423682612181,1.4921076961327036,1.5100176296619605
126,m3_diss,1.806102062597978,0.0023500685220516925,1.7993424375732916,1.8128616876226644
126,qsampled_diss,1.485147965031185,0.004087099683881082,1.476233609367732,1.4940623206946388
126,random_diss,1.7308182898700446,0.004044796463459618,1.7219501878909196,1.7396863918491696
127,m2_diss,1.501087590025168,0.004028402215496414,1.4922374782566559,1.5099377017936804
127,m3_diss,1.8037658181180163,0.002348451590409521,1.797008518925996,1.8105231173100367
127,qsampled_diss,1.484931263188833,0.004048049892884197,1.4760595954005513,1.4938029309771146
127,random_diss,1.729358933146833,0.003970068014291973,1.7205731330829535,1.7381447332107127
128,m2_diss,1.499967649585508,0.003933030195349264,1.4912229280854783,1.508712371085538
128,m3_diss,1.8095319233827676,0.0023479088035934896,1.8027754051276168,1.8162884416379184
128,qsampled_diss,1.4804158228893078,0.003906935445560686,1.47170015927445,1.4891314865041656
128,random_diss,1.7322721792878633,0.0039274547958271944,1.723533658173362,1.741010700402364
129,m2_diss,1.500194666287305,0.003850982861786514,1.491541637763571,1.5088476948110388
129,m3_diss,1.806326511404043,0.002333125507768702,1.7995912974965866,1.8130617253115007
129,qsampled_diss,1.4813664351373637,0.003966710752129587,1.4725843506864762,1.490148519588252
129,random_diss,1.7291248512964918,0.003794361278438346,1.7205356717305007,1.737714030862483
130,m2_diss,1.5006467167918904,0.0038225385204392662,1.492025704234773,1.5092677293490082
130,m3_diss,1.8048174125771854,0.0022766798852547243,1.7981641704666738,1.811470654687697
130,qsampled_diss,1.482580958814041,0.003916979817592922,1.4738540988056412,1.4913078188224396
130,random_diss,1.7276720999593425,0.00375722177398545,1.719125059542352,1.736219140376333
131,m2_diss,1.5010417296330103,0.003727040656940936,1.4925290868866194,1.509554372379402
131,m3_diss,1.8036336440332132,0.002231440453693284,1.7970468361978238,1.8102204518686023
131,qsampled_diss,1.483496610597466,0.003856337235230417,1.4748375686150597,1.4921556525798725
131,random_diss,1.7271942870910961,0.0036832810763445735,1.7187317658212506,1.7356568083609416
132,m2_diss,1.5017284209741075,0.003749999234971885,1.4931895995327047,1.5102672424155104
132,m3_diss,1.8061692660499096,0.002252537502487676,1.7995513941328596,1.8127871379669596
132,qsampled_diss,1.4845585863109125,0.0038859915997030607,1.4758663150466464,1.4932508575751786
132,random_diss,1.72705388790852,0.0036019331301793654,1.7186853388708834,1.7354224369461566
133,m2_diss,1.5043298015273217,0.0037213149132674316,1.4958237001564016,1.5128359028982417
133,m3_diss,1.8114659263890953,0.002225383206616673,1.8048880645766632,1.8180437882015275
133,qsampled_diss,1.4836578862491983,0.003994717364232153,1.4748448537615813,1.4924709187368153
133,random_diss,1.7290289237156715,0.00358744537541289,1.720677221693582,1.737380625737761
134,m2_diss,1.5040400513029863,0.0036331947306155457,1.495635264912837,1.5124448376931348
134,m3_diss,1.809772802011451,0.0021652434547353295,1.803284430487325,1.816261173535577
134,qsampled_diss,1.485399157210465,0.003842093711116953,1.476756121267261,1.494042193153669
134,random_diss,1.7285595296397005,0.003557048868541493,1.720243284966423,1.7368757743129775
135,m2_diss,1.504480750628138,0.003594477506576865,1.4961208670861588,1.5128406341701175
135,m3_diss,1.809359379947906,0.0021298800199974293,1.8029242116095179,1.8157945482862936
135,qsampled_diss,1.4866053129918118,0.0038234696212189412,1.4779832505377841,1.4952273754458394
135,random_diss,1.7292340785033995,0.0035534288217338294,1.7209220666730753,1.7375460903337228
136,m2_diss,1.506992209346656,0.0034884973439969586,1.4987564899578538,1.515227928735458
136,m3_diss,1.8123089058745094,0.002096368493758574,1.805924563713768,1.818693248035251
136,qsampled_diss,1.4864867508293502,0.0038133061945825825,1.4778761554483022,1.4950973462103996
136,random_diss,1.7298596131731052,0.0035888170712464027,1.7215063146249645,1.738212911721246
137,m2_diss,1.5054285781504375,0.003415888973321617,1.4972790171364183,1.5135781391644563
137,m3_diss,1.8091294270178468,0.002070565666911762,1.8027844968499205,1.8154743571857728
137,qsampled_diss,1.485911862826682,0.0037433986615606684,1.4773805595122358,1.4944431661411284
137,random_diss,1.7276416062563924,0.0034836960369309814,1.7194115563333956,1.73587165617939
138,m2_diss,1.5034168874599434,0.0033395402292269926,1.495358916792643,1.5114748581272446
138,m3_diss,1.8060085136863586,0.0020444517275099022,1.7997037215513814,1.8123133058213359
138,qsampled_diss,1.4852309028334618,0.0037509792456110313,1.4766909657132703,1.4937708399536525
138,random_diss,1.725684641667258,0.0034134696889526546,1.7175379671050406,1.733831316229474
139,m2_diss,1.5024388929592605,0.0032390151926913343,1.4945031272967422,1.5103746586217788
139,m3_diss,1.808195733182235,0.0020635599925995676,1.8018615460150909,1.8145299203493794
139,qsampled_diss,1.4846119705929133,0.003611820353436664,1.476231943689577,1.4929919974962482
139,random_diss,1.7259334779603066,0.0033722290542627007,1.717836165927189,1.7340307899934246
140,m2_diss,1.5021408675822547,0.003271958232669747,1.4941648478822942,1.5101168872822153
140,m3_diss,1.806301568578143,0.0020028416636267564,1.8000612659597461,1.8125418711965406
140,qsampled_diss,1.4839833642421203,0.0036196388501901224,1.4755942721323598,1.492372456351882
140,random_diss,1.7241265549449962,0.0033597587884684754,1.716044228423664,1.7322088814663292
141,m2_diss,1.5025884662792115,0.0032738509716607263,1.4946101399573748,1.510566792601049
141,m3_diss,1.8082544627639898,0.0019664477521922396,1.8020711167722088,1.8144378087557718
141,qsampled_diss,1.484078505061828,0.00355694967658774,1.4757623763428627,1.4923946337807932
141,random_diss,1.7255479656134873,0.003328732826971744,1.717503044092957,1.733592887134018
142,m2_diss,1.503242398904703,0.0032478618900875925,1.4952958031841592,1.5111889946252473
142,m3_diss,1.8079961914615288,0.001950671798281686,1.8018376985625046,1.8141546843605534
142,qsampled_diss,1.4844893487010296,0.0035784996981154957,1.4761480661079298,1.4928306312941297
142,random_diss,1.725397402108258,0.0032787309818235163,1.717413131744408,1.7333816724721087
143,m2_diss,1.509551618106888,0.0032645464068668875,1.501584637395372,1.5175185988184043
143,m3_diss,1.8122957649365647,0.0019548238805961933,1.8061307212233695,1.818460808649761
143,qsampled_diss,1.4865690816504915,0.0037318656224529494,1.478050930522669,1.4950872327783127
143,random_diss,1.725549162763954,0.0033777427910958754,1.7174452337110426,1.7336530918168664
144,m2_diss,1.501882711989297,0.0031590396303249166,1.49404553094329,1.509719893035304
144,m3_diss,1.8030605101165529,0.0019341056303395297,1.7969282236148199,1.809192796618286
144,qsampled_diss,1.4839471259344807,0.003548812779248232,1.475640514672221,1.4922537371967401
144,random_diss,1.7212973638082503,0.0032553518026884453,1.7133416105196677,1.7292531170968333
145,m2_diss,1.504763043615181,0.0031359823367770713,1.4969545160756643,1.5125715711546988
145,m3_diss,1.8087159188892685,0.0019042339139816807,1.8026311723806276,1.8148006653979099
145,qsampled_diss,1.4838270606697797,0.0036900042428024376,1.4753568195166595,1.4922973018228989
145,random_diss,1.7235563545140586,0.0032372050137602967,1.7156228066805044,1.731489902347613
146,m2_diss,1.5037522674526906,0.00308523869538881,1.4960071728428175,1.5114973620625642
146,m3_diss,1.80861780399853,0.0018721241080895932,1.8025845770764297,1.8146510309206296
146,qsampled_diss,1.4842036840412178,0.00356520713546483,1.4758779079714404,1.4925294601109953
146,random_diss,1.722278400544998,0.003198979394546901,1.7143918323368137,1.7301649687531824
147,m2_diss,1.5054693122469311,0.003055736039505812,1.49776133790103,1.513177286592831
147,m3_diss,1.8085092502075992,0.0018717429899540593,1.8024766374245997,1.8145418629905987
147,qsampled_diss,1.4849109105396499,0.003490829052082663,1.4766724392373725,1.4931493818419268
147,random_diss,1.7221996642333346,0.00320475401612028,1.714305981035121,1.7300933474315476
148,m2_diss,1.5080607611376022,0.0030117594632041345,1.50040845238986,1.5157130698853445
148,m3_diss,1.8115514799984953,0.0018472637275195965,1.805558445279225,1.817544514717766
148,qsampled_diss,1.4849767847655406,0.0034293328985614724,1.4768112023731166,1.4931423671579638
148,random_diss,1.723839377316626,0.0031879579709723103,1.7159664066022928,1.7317123480309593
149,m2_diss,1.510068175121152,0.0029931880568656393,1.5024394960647105,1.5176968541775926
149,m3_diss,1.8144784399346328,0.0018582352938092037,1.8084676341648838,1.8204892457043804
149,qsampled_diss,1.484434233965619,0.003413645917020468,1.4762873491108965,1.4925811188203413
149,random_diss,1.7247208075739586,0.0032377264347257027,1.7167866208325209,1.7326549943153964
150,m2_diss,1.5073770241919908,0.002983655634424189,1.4997605023706135,1.5149935460133686
150,m3_diss,1.8104333732671756,0.0017750970542130047,1.8045585691030945,1.8163081774312566
150,qsampled_diss,1.4793168556273515,0.003411159425520203,1.4711729383988263,1.4874607728558757
150,random_diss,1.7224120407096246,0.0031865424947791674,1.7145408180170656,1.7302832634021845
151,m2_diss,1.5080352042549514,0.0029947254850726493,1.5004045662436338,1.515665842266269
151,m3_diss,1.818456993069815,0.001808897982236301,1.81252651943431,1.8243874667053197
151,qsampled_diss,1.4762504656749815,0.0033837414162797425,1.4681393438202466,1.484361587529717
151,random_diss,1.7253813136367482,0.003222814722300176,1.7174654188747553,1.733297208398742
152,m2_diss,1.5081545664382423,0.0029590969982331546,1.5005694553946691,1.515739677481816
152,m3_diss,1.8176747251218186,0.00179416231969457,1.8117684563228764,1.8235809939207608
152,qsampled_diss,1.4768587704027774,0.0033176698020701886,1.468827228634183,1.4848903121713717
152,random_diss,1.7255985722817355,0.0031892337317215636,1.717724026417658,1.7334731181458116
153,m2_diss,1.5075931594112189,0.0029750273965852385,1.4999876584229141,1.5151986603995236
153,m3_diss,1.8187370448326092,0.0017084398697253128,1.812973599324515,1.8245004903407038
153,qsampled_diss,1.4774882172465924,0.0032662218427463563,1.4695191923838427,1.485457242109343
153,random_diss,1.7249319932368221,0.003177602624426138,1.7170718196883041,1.73279216678534
154,m2_diss,1.5076882604997925,0.003002231546879258,1.5000480656532706,1.5153284553463144
154,m3_diss,1.8210273139216235,0.001721231125691611,1.815242332908589,1.8268122949346577
154,qsampled_diss,1.4777937724335908,0.0032491365693168113,1.4698456174769732,1.4857419273902088
154,random_diss,1.726109157895684,0.0031612942052249076,1.7182691806897321,1.7339491351016363
155,m2_diss,1.5099798600836762,0.002971416217397164,1.5023789763917346,1.5175807437756175
155,m3_diss,1.823067277144692,0.0017188081928880394,1.81728636925009,1.8288481850392941
155,qsampled_diss,1.4777758787586333,0.003226597914271637,1.4698553392111635,1.4856964183061026
155,random_diss,1.7281937093549453,0.0032015161748872793,1.720304014754869,1.7360834039550217
156,m2_diss,1.5108482731699737,0.0028708757735431286,1.5033770872729235,1.518319459067024
156,m3_diss,1.8246861792738187,0.0017109264126737302,1.818918541097223,1.8304538174504148
156,qsampled_diss,1.4773050643586938,0.0031712295664093784,1.4694527770203512,1.4851573516970373
156,random_diss,1.7280419808952285,0.0031727496556494357,1.7201878118344773,1.7358961499559793
157,m2_diss,1.513657364584102,0.0028220340621722064,1.5062500043097509,1.5210647248584537
157,m3_diss,1.8304527991287332,0.0017642528401278614,1.8245959672865184,1.8363096309709492
157,qsampled_diss,1.4770596669796265,0.003101408658505859,1.4692943025884029,1.4848250313708506
157,random_diss,1.728139494686887,0.0030617753208960208,1.7204239071754936,1.7358550821982819
158,m2_diss,1.514213881649072,0.0027786060752576403,1.5068637378990628,1.5215640253990816
158,m3_diss,1.8299362877671725,0.001729234036139248,1.8241378736379745,1.8357347018963701
158,qsampled_diss,1.4766138566141565,0.0030340351553808315,1.4689333008492058,1.484294412379107
158,random_diss,1.7275617625400153,0.002993488291657355,1.7199327008919374,1.7351908241880931
159,m2_diss,1.5172298256504435,0.0027961433687920577,1.509856523008484,1.524603128292403
159,m3_diss,1.8341649927221615,0.0017130150056677577,1.8283938352315519,1.8399361502127711
159,qsampled_diss,1.475029820686906,0.003028375313844441,1.4673564321132313,1.482703209260581
159,random_diss,1.729311346215247,0.0029724516111865463,1.721709138369814,1.73691355406068
160,m2_diss,1.519282626482374,0.002842053481213132,1.5118490388518344,1.5267162141129145
160,m3_diss,1.8437865459863465,0.0018123756398469267,1.837850374336398,1.8497227176362945
160,qsampled_diss,1.4742724358903851,0.0031087095015954066,1.4664979368788038,1.482046934901967
160,random_diss,1.7340420750259973,0.0030562434839890087,1.7263334607022582,1.7417506893497354
161,m2_diss,1.521009523425961,0.0030847876847744943,1.5132649949388246,1.5287540519130984
161,m3_diss,1.855228325538255,0.0018956444295170976,1.8491573178635512,1.8612993332129577
161,qsampled_diss,1.4712747117152782,0.0032445258211034034,1.4633321982499996,1.4792172251805569
161,random_diss,1.742260424318171,0.0030892346942599865,1.7345103156109372,1.7500105330254043
162,m2_diss,1.522042287710848,0.0029878476974314477,1.5144204171267368,1.5296641582949582
162,m3_diss,1.8542580012292336,0.0018015568965890814,1.8483395737057922,1.8601764287526759
162,qsampled_diss,1.4703540837019509,0.003197718591237615,1.462469069800626,1.4782390976032762
162,random_diss,1.7414461729013895,0.0030506241818131457,1.733744648484394,1.749147697318385
163,m2_diss,1.5216140085154393,0.002934352415527175,1.5140606781862833,1.5291673388445948
163,m3_diss,1.8521292345344442,0.0017463549944964159,1.8463021863720637,1.8579562826968248
163,qsampled_diss,1.469591495518585,0.0031390618109439607,1.4617791350080978,1.477403856029073
163,random_diss,1.7391359824775512,0.0028956051265203345,1.7316326876627581,1.7466392772923443
164,m2_diss,1.5199319782068033,0.0028785315554017495,1.5124508372137626,1.5274131191998435
164,m3_diss,1.84902428668116,0.0017318855739136628,1.843221428727544,1.8548271446347755
164,qsampled_diss,1.4690263991666228,0.0030715022240717753,1.4612985656126554,1.4767542327205903
164,random_diss,1.7368252218173625,0.0029093569341957027,1.7293041307833739,1.744346312851352
165,m2_diss,1.5201420617778565,0.002858358224508217,1.512687181549911,1.527596942005802
165,m3_diss,1.8473979294722234,0.0016911661283061504,1.841663694590302,1.8531321643541447
165,qsampled_diss,1.4684908168116173,0.003070388662308429,1.4607643842333677,1.4762172493898669
165,random_diss,1.7347876161353133,0.0029044897137564434,1.7272728189545763,1.7423024133160503
166,m2_diss,1.5207770627590558,0.002833790121793844,1.5133542896894658,1.5281998358286448
166,m3_diss,1.8461152107990835,0.0017225766237519218,1.8403279691482795,1.8519024524498884
166,qsampled_diss,1.467576800748161,0.0030837140738343718,1.4598336200578461,1.4753199814384756
166,random_diss,1.7337358957173732,0.0029090106434044596,1.726215252301557,1.7412565391331893
167,m2_diss,1.5211042595438857,0.0027844529701218338,1.513746386570576,1.5284621325171959
167,m3_diss,1.8472204187081822,0.0016619038638045617,1.8415360100646208,1.8529048273517446
167,qsampled_diss,1.4668710567996979,0.0030798299015892977,1.4591327542082402,1.4746093593911551
167,random_diss,1.7341574461298865,0.0029818586640736424,1.7265432182604523,1.7417716739993216
168,m2_diss,1.5208727315655848,0.002721317479105616,1.5135987541557985,1.528146708975371
168,m3_diss,1.8494720659932076,0.0017051736990439969,1.843714132356716,1.8552299996297
168,qsampled_diss,1.4666002229893886,0.003068580040911951,1.4588760663851783,1.4743243795935994
168,random_diss,1.735430230339774,0.0029456903323998923,1.7278623215867503,1.7429981390927975
169,m2_diss,1.5222233829853102,0.0026645739481632002,1.5150256417210233,1.5294211242495954
169,m3_diss,1.8491249599882085,0.0016964568049076779,1.843381762565183,1.854868157411234
169,qsampled_diss,1.4663424715731992,0.0030643329503006497,1.4586236621575066,1.4740612809888918
169,random_diss,1.735303606945302,0.002948918107089255,1.7277315530151633,1.7428756608754408
170,m2_diss,1.5259253546565459,0.0026858498475210986,1.5186989345220305,1.5331517747910604
170,m3_diss,1.8509596525045107,0.001701047157196561,1.845208690224259,1.8567106147847623
170,qsampled_diss,1.4667861368752175,0.003068267883509829,1.459062373158589,1.474509900591847
170,random_diss,1.7357158019287087,0.0029308976935423386,1.7281669193170948,1.743264684540323
171,m2_diss,1.5270264519155123,0.0027103066088425337,1.5197672052388111,1.5342856985922126
171,m3_diss,1.8514211329031065,0.0016796082079459072,1.8457065263281431,1.8571357394780694
171,qsampled_diss,1.4661748063986622,0.0030885371853215204,1.4584255726775992,1.4739240401197256
171,random_diss,1.7353088617686336,0.0028411119721454712,1.727876505531158,1.7427412180061093
172,m2_diss,1.5295363175675107,0.0026329207797175704,1.5223814559505822,1.5366911791844402
172,m3_diss,1.8546639076402425,0.0016807706664394746,1.8489473238649083,1.8603804914155762
172,qsampled_diss,1.4657012722004996,0.003058003734426972,1.457990438299265,1.473412106101733
172,random_diss,1.7362778404482213,0.002733567420371413,1.7289875096094582,1.7435681712869844
173,m2_diss,1.531592232574625,0.0026121895590725088,1.524465594774999,1.5387188703742496
173,m3_diss,1.8550040497033058,0.0016642595283356796,1.8493156138057123,1.8606924856008997
173,qsampled_diss,1.4668254468761197,0.003019498892373259,1.4591633122270697,1.4744875815251697
173,random_diss,1.7361626521044622,0.0026868312531898517,1.728934911828772,1.743390392380152
174,m2_diss,1.5326910468447812,0.002592259180233129,1.5255916483692464,1.539790445320316
174,m3_diss,1.8555392147878982,0.0016152006573163444,1.8499352476004451,1.8611431819753512
174,qsampled_diss,1.4664133641951147,0.002870764907236572,1.4589423225590588,1.473884405831172
174,random_diss,1.7362545639864586,0.0026797953320964914,1.7290362934432246,1.7434728345296917
175,m2_diss,1.5347643263139148,0.0025677346382699494,1.5276985902235656,1.5418300624042645
175,m3_diss,1.8571517327714842,0.0016066853704449677,1.8515625570739045,1.8627409084690643
175,qsampled_diss,1.4666617238641757,0.0029168920834713253,1.4591308994256365,1.474192548302715
175,random_diss,1.7373245404276565,0.0026545948054637956,1.7301402900000338,1.7445087908552792
176,m2_diss,1.534751183610901,0.0025461700378674977,1.5277151801563158,1.541787187065486
176,m3_diss,1.8548737106271853,0.0016026223253290347,1.8492916064597589,1.8604558147946126
176,qsampled_diss,1.4660752870562541,0.002833679252392352,1.45865265919263,1.4734979149198795
176,random_diss,1.7360321509655858,0.002624117884774243,1.7288892601281245,1.7431750418030476
177,m2_diss,1.5349090232362823,0.0025529667742388985,1.5278636351002868,1.541954411372277
177,m3_diss,1.8526764390808077,0.00159433675914891,1.8471087833667517,1.8582440947948637
177,qsampled_diss,1.4643633363329136,0.0028734824276583104,1.4568887594185578,1.4718379132472699
177,random_diss,1.7350944687957648,0.002601883396288674,1.7279819036499033,1.7422070339416253
178,m2_diss,1.5337855627827839,0.0025271923464274667,1.5267758295381098,1.5407952960274585
178,m3_diss,1.8495089418647725,0.0015698852065673125,1.8439841453009655,1.855033738428579
178,qsampled_diss,1.4629620406932955,0.0028558435487686462,1.4555104404481112,1.4704136409384794
178,random_diss,1.7327330240748215,0.00253183781031643,1.7257168511715328,1.7397491969781098
179,m2_diss,1.5331531002511187,0.0025257624952922516,1.5261453502929865,1.540160850209251
179,m3_diss,1.8474092813282224,0.0015761463539617068,1.8418734784998076,1.8529450841566366
179,qsampled_diss,1.462999859397989,0.0028411398451096623,1.45556746670273,1.4704322520932482
179,random_diss,1.7316356620510809,0.002508047251242191,1.7246525308860172,1.7386187932161437
180,m2_diss,1.5342572922432347,0.002523518883863064,1.5272526554362909,1.5412619290501794
180,m3_diss,1.8476970006435764,0.001595486598723226,1.8421273375879137,1.8532666636992392
180,qsampled_diss,1.462056329698907,0.0028303207396862006,1.454638101835898,1.4694745575619153
180,random_diss,1.7314454358509284,0.002504719534768468,1.724466938887597,1.73842393281426
181,m2_diss,1.5354722738411588,0.0025050497306154584,1.5284933169072106,1.542451230775107
181,m3_diss,1.852165901320265,0.0016101736312238934,1.8465706616066586,1.8577611410338717
181,qsampled_diss,1.4603997973853526,0.0028598790080552436,1.4529429342443647,1.4678566605263406
181,random_diss,1.7339097424796568,0.0024853843355837524,1.7269582329766666,1.740861251982647
182,m2_diss,1.5389927253921336,0.0025124606297871133,1.5320034528644777,1.545981997919789
182,m3_diss,1.8575452366345018,0.001599504464421242,1.8519685650313185,1.863121908237686
182,qsampled_diss,1.4595936716113098,0.0028782941153351316,1.4521128391712965,1.4670745040513236
182,random_diss,1.7377918853213778,0.0025822552088375366,1.7307061989842822,1.7448775716584743
183,m2_diss,1.542672794346705,0.0024481374356601737,1.5357735704377364,1.5495720182556734
183,m3_diss,1.862009796839942,0.001634838227736747,1.8563718661239683,1.8676477275559158
183,qsampled_diss,1.4598916508386908,0.0028483677486832834,1.4524498100878058,1.4673334915895757
183,random_diss,1.7392887642307135,0.0025607405811468443,1.7322326576127005,1.7463448708487261
184,m2_diss,1.5424676822886978,0.002437855918729255,1.5355829610623866,1.549352403515009
184,m3_diss,1.8594530093400397,0.001619443037423728,1.8538416874724208,1.8650643312076576
184,qsampled_diss,1.4595437648529443,0.0028333666078012,1.4521215464761135,1.466965983229774
184,random_diss,1.7381305792036432,0.002527794158868537,1.7311200113779435,1.745141147029343
185,m2_diss,1.5394787082883303,0.0023607329410743195,1.5327037633109928,1.5462536532656665
185,m3_diss,1.8551322429877433,0.0015795341123095443,1.8495904940441084,1.8606739919313782
185,qsampled_diss,1.458272300529589,0.002814102626947621,1.4508753569149062,1.4656692441442718
185,random_diss,1.735969992978101,0.00251211634670834,1.7289811993376911,1.7429587866185108
186,m2_diss,1.5411289247138489,0.0023457685162692693,1.5343754866863866,1.5478823627413107
186,m3_diss,1.8536030716695335,0.001559522217010099,1.8480965402011784,1.8591096031378878
186,qsampled_diss,1.457677075280871,0.0028214094794734535,1.4502705347636498,1.4650836157980922
186,random_diss,1.734579241451375,0.002494506908878303,1.7276149859177223,1.741543496985028
187,m2_diss,1.5432401916130123,0.0023560428988188254,1.5364719798359912,1.5500084033900334
187,m3_diss,1.8548674274177244,0.0015731113754728432,1.8493369569425364,1.8603978978929132
187,qsampled_diss,1.4576754549235449,0.0028333336035741875,1.4502532797753764,1.4650976300717133
187,random_diss,1.7336400315024982,0.0025188705172190487,1.7266418490019202,1.7406382140030772
188,m2_diss,1.544626735895354,0.002498512402963902,1.5376568912620696,1.5515965805286376
188,m3_diss,1.8525358726274772,0.0015938537977109107,1.846969060263066,1.858102684991889
188,qsampled_diss,1.4604148524686495,0.002877788734388407,1.4529346768128286,1.4678950281244714
188,random_diss,1.7331044617348914,0.0025060021094920233,1.7261241782844536,1.7400847451853296
189,m2_diss,1.5426211282309126,0.00256876192492043,1.5355539788694237,1.549688277592402
189,m3_diss,1.8639000732605644,0.001613272513301956,1.858299451936784,1.8695006945843453
189,qsampled_diss,1.453901172868086,0.0028387463732693634,1.4464719114813382,1.4613304342548328
189,random_diss,1.7391739157925854,0.002515725793056271,1.7321801031527446,1.7461677284324257
190,m2_diss,1.541651935788198,0.0025511671537059495,1.5346090312842797,1.5486948402921161
190,m3_diss,1.8644293787359698,0.0016274287782891055,1.8588042387052452,1.8700545187666935
190,qsampled_diss,1.4522312812595664,0.002802182425569004,1.4448500205534485,1.4596125419656842
190,random_diss,1.738715501081073,0.0024852873332031076,1.7317641272350799,1.7456668749270663
191,m2_diss,1.5398484799022214,0.0024951678101838327,1.5328833018654602,1.5468136579389822
191,m3_diss,1.8633309043354942,0.001628008409882785,1.8577047626576761,1.8689570460133123
191,qsampled_diss,1.4530961536844176,0.0028139998218682824,1.4456993451839117,1.4604929621849234
191,random_diss,1.737681214999437,0.0024462473520966556,1.7307846548762917,1.744577775122583
192,m2_diss,1.5343695207634556,0.0024149579942520662,1.5275172087029594,1.5412218328239518
192,m3_diss,1.8574312876514167,0.0015818664938334062,1.8518854486711243,1.8629771266317092
192,qsampled_diss,1.4525503885808424,0.002882139481054862,1.4450645606584447,1.4600362165032397
192,random_diss,1.7332662125447365,0.0023448497701439013,1.7265140971760597,1.7400183279134127
193,m2_diss,1.5356290370810166,0.002388206525530367,1.5288147836310002,1.5424432905310335
193,m3_diss,1.859216316698096,0.0015591867027327435,1.853710377596841,1.8647222557993508
193,qsampled_diss,1.4521167710012195,0.0027810265528574246,1.4447634265482234,1.4594701154542165
193,random_diss,1.7337594203857287,0.0023638279486013166,1.7269800357622942,1.7405388050091646
194,m2_diss,1.534532184857801,0.0023644839111689082,1.5277518596595503,1.5413125100560523
194,m3_diss,1.8585446159075607,0.001518733568763021,1.8531105720586487,1.8639786597564723
194,qsampled_diss,1.4522626743138591,0.002782007538980203,1.4449080330568385,1.459617315570879
194,random_diss,1.7322823498717215,0.0023562232120153317,1.7255138791065148,1.7390508206369282
195,m2_diss,1.5336220906566203,0.0023579375491890224,1.5268511580424795,1.540393023270761
195,m3_diss,1.857464768713827,0.0015137370605455024,1.8520396710071,1.862889866420554
195,qsampled_diss,1.4523715815438094,0.0027669994295761724,1.4450368051735394,1.4597063579140803
195,random_diss,1.731515203471812,0.0023362856180780796,1.7247754298403593,1.7382549771032652
196,m2_diss,1.5349878046831433,0.002307793062234206,1.528289255135431,1.5416863542308556
196,m3_diss,1.8580573358811239,0.0014892969266619485,1.852676212014942,1.8634384597473057
196,qsampled_diss,1.452711362821347,0.0027532250698408737,1.4453948658004425,1.4600278598422516
196,random_diss,1.7317878332573593,0.0023570260378903,1.7250182094942856,1.738557457020433
197,m2_diss,1.5346936184298812,0.002314682021344562,1.5279850784613362,1.5414021583984274
197,m3_diss,1.8570584188375048,0.0014589878044421632,1.851732332855424,1.8623845048195855
197,qsampled_diss,1.4529349151362925,0.0027690684509620077,1.4455973969921816,1.4602724332804038
197,random_diss,1.7314757904891662,0.0022666461689034934,1.7248372255537816,1.7381143554245513
198,m2_diss,1.5348963549744468,0.0022965628272618747,1.5282141236198474,1.541578586329046
198,m3_diss,1.859550343242065,0.0014584653842712515,1.8542252109019082,1.8648754755822228
198,qsampled_diss,1.4522720955401267,0.0028005709112661785,1.4448929575933565,1.459651233486897
198,random_diss,1.7319391259551722,0.0022660175342138133,1.7253014816578776,1.7385767702524668
199,m2_diss,1.536452536428946,0.002254113875393745,1.529832349254228,1.543072723603664
199,m3_diss,1.8598131010401622,0.0014427814790225276,1.8545166785417788,1.865109523538545
199,qsampled_diss,1.453004424791285,0.0027594858884677134,1.4456796136573173,1.4603292359252513
199,random_diss,1.7320076281617542,0.0022432330621658756,1.7254034384392718,1.7386118178842371
200,m2_diss,1.5370333815827886,0.0022200761742284,1.530463367803651,1.5436033953619257
200,m3_diss,1.8600977319403316,0.0014328437376437105,1.8548195815873143,1.8653758822933488
200,qsampled_diss,1.4530756265462923,0.002751762012484317,1.4457610737684077,1.460390179324177
200,random_diss,1.7316961742969348,0.0022437890883846433,1.725091166140741,1.7383011824531276
201,m2_diss,1.5387187885853575,0.002156947270357088,1.532242859169509,1.5451947180012056
201,m3_diss,1.8611620458726403,0.0014242380826622006,1.8558997696677502,1.8664243220775318
201,qsampled_diss,1.4534064568206642,0.0028075165864809744,1.4460181740676379,1.4607947395736913
201,random_diss,1.7308963239187218,0.0022080541566620745,1.7243441230508927,1.737448524786551
202,m2_diss,1.5384147926367178,0.0021193065333485746,1.5319956174112161,1.544833967862219
202,m3_diss,1.8591108078333796,0.0014191945666145564,1.8538578572857358,1.8643637583810233
202,qsampled_diss,1.454204395212634,0.002762444295768217,1.4468756587152567,1.4615331317100118
202,random_diss,1.7300843745755357,0.002159887952976432,1.7236040321712593,1.736564716979812
203,m2_diss,1.538400413328208,0.0020976117074774973,1.5320141783882644,1.5447866482681518
203,m3_diss,1.857614149769622,0.00140090217602211,1.852395162382001,1.8628331371572429
203,qsampled_diss,1.4554001550608382,0.0027525515113348393,1.4480845530612487,1.4627157570604277
203,random_diss,1.7293949641544366,0.0021483052774106024,1.7229320209406054,1.7358579073682678
204,m2_diss,1.5355741388580526,0.001994451704893952,1.5293469203559886,1.5418013573601161
204,m3_diss,1.8512535213896057,0.001356744679032391,1.8461174458105754,1.8563895969686366
204,qsampled_diss,1.4553723196063717,0.0026442891998421647,1.448202028003738,1.4625426112090059
204,random_diss,1.7264726241543076,0.0021144633383452347,1.720060787909532,1.7328844603990832
205,m2_diss,1.535742534443282,0.001957603668299052,1.5295731088968294,1.5419119599897342
205,m3_diss,1.8532066257693531,0.001353749156144341,1.8480762232302632,1.8583370283084426
205,qsampled_diss,1.4560044928223257,0.002629314439403281,1.4488545329304627,1.4631544527141886
205,random_diss,1.7276860638238074,0.002045968226066673,1.7213789337916656,1.7339931938559492
206,m2_diss,1.5360237244834227,0.0019518868663097042,1.5298633138289588,1.5421841351378858
206,m3_diss,1.8581788223831104,0.0013870745291904934,1.8529856559556979,1.863371988810522
206,qsampled_diss,1.455437317885732,0.0026245739334548857,1.4482938063893356,1.4625808293821285
206,random_diss,1.7297680972095029,0.002053569658527286,1.7234492615277461,1.7360869328912591
207,m2_diss,1.5346214803002576,0.0019776926767519636,1.5284204801042067,1.5408224804963084
207,m3_diss,1.8546941921917663,0.0013518179377799452,1.8495674503987123,1.8598209339848213
207,qsampled_diss,1.455241156542759,0.0025132321694278266,1.4482508109461716,1.4622315021393468
207,random_diss,1.7280405220839785,0.002050080945706865,1.7217270560699995,1.734353988097957
208,m2_diss,1.5353977988080882,0.001959196713989397,1.529225863515084,1.5415697341010934
208,m3_diss,1.8539477393858255,0.0013526922595679892,1.8488193399370383,1.8590761388346113
208,qsampled_diss,1.4560357098887746,0.0024826635201772554,1.4490880064275842,1.4629834133499642
208,random_diss,1.7279098179359746,0.0020528412124808442,1.7215921030681902,1.7342275328037582
209,m2_diss,1.5356853226412253,0.0019387889061165482,1.529545616217819,1.5418250290646303
209,m3_diss,1.8523160574847264,0.0013339626242490155,1.847223286193408,1.8574088287760449
209,qsampled_diss,1.4582359020772457,0.002471708337929554,1.4513035445355913,1.4651682596189002
209,random_diss,1.7285066957693958,0.002076529169784777,1.722152635052162,1.7348607564866294
210,m2_diss,1.5347837337169532,0.0019337347390369238,1.5286520352184654,1.5409154322154401
210,m3_diss,1.850052794835931,0.001310123253751705,1.845005735390894,1.8550998542809682
210,qsampled_diss,1.4585173104052485,0.002420623173189089,1.451656965734188,1.4653776550763093
210,random_diss,1.7277370335179774,0.002091345360594862,1.7213603447431862,1.734113722292769
