variable,questions,mean,var,lower,upper
qsampled,1,0.2595142833424953,0.0913442615504309,0.24075936340688192,0.27826920327810883
runif,1,0.46823168764278617,0.11811084806723005,0.446905193201489,0.4895581820840832
m2,1,0.40720383812193084,0.09720937590442416,0.3878561687438653,0.4265515074999966
qsampled,2,0.2535338564186273,0.08300217650281846,0.24089985651389842,0.26616785632335604
runif,2,0.40555945466729326,0.1088805657472291,0.39108936196785027,0.4200295473667359
m2,2,0.36887612602576697,0.09079535821547921,0.3556623192420836,0.38208993280945003
qsampled,3,0.25994689139817184,0.09150612764694006,0.2491179036306255,0.2707758791657179
runif,3,0.42312493696173625,0.11825739979745495,0.4108144016754766,0.43543547224799567
m2,3,0.37095114015787256,0.09975625541376579,0.3596445189244801,0.38225776139126455
qsampled,4,0.3005450577597403,0.11625475682694582,0.2899755459791501,0.31111456954033034
runif,4,0.4454116238417854,0.12600960996566024,0.4344076032410224,0.4564156444425495
m2,4,0.40120974733606246,0.1169014767629811,0.3906108774710994,0.4118086172010263
qsampled,5,0.30800133604644103,0.11658881697792516,0.29853467775945225,0.31746799433343015
runif,5,0.45471432096952197,0.12643884384975063,0.4448558738523516,0.4645727680866927
m2,5,0.41432638823699025,0.11674548803111713,0.40485337147825684,0.4237994049957242
qsampled,6,0.32538864618929114,0.12629580958863448,0.31639461128440083,0.33438268109418157
runif,6,0.46784677154481474,0.13567645930286548,0.4585247017796747,0.47716884130995446
m2,6,0.42100696123207143,0.12613337872266,0.4120187118671342,0.4299952105970091
qsampled,7,0.3478554781102742,0.1388857276377392,0.33912369397256975,0.3565872622479786
runif,7,0.4853251111252713,0.1453059986232515,0.4763937848871655,0.4942564373633767
m2,7,0.4509469501173405,0.13729557394887484,0.4422652965849235,0.4596286036497575
qsampled,8,0.38533595192766484,0.14924518420726834,0.3768691581773143,0.39380274567801515
runif,8,0.5062522222185235,0.14748365685691966,0.4978355431806709,0.5146689012563759
m2,8,0.4771695345013491,0.13998056385978538,0.46896974532072366,0.4853693236819743
qsampled,9,0.3879266536256697,0.14630158775985264,0.3800233298808259,0.3958299773705132
runif,9,0.5128140703309977,0.14431741399861167,0.5049645228324549,0.5206636178295405
m2,9,0.4785400727664993,0.13751560070584268,0.47087773596273486,0.4862024095702635
qsampled,10,0.3927207737566398,0.15199380538148746,0.3850786580486749,0.40036288946460463
runif,10,0.5212283212768034,0.1471538438451938,0.5137088644480077,0.5287477781055996
m2,10,0.48178865291879774,0.14219171034261605,0.4743970640311182,0.4891802418064773
qsampled,11,0.41208252814580754,0.1554135388844221,0.4047146240030986,0.41945043228851636
runif,11,0.5269008972660525,0.15067534471707908,0.5196461775379454,0.5341556169941596
m2,11,0.4983782776021463,0.14503968085981556,0.49126052383511876,0.5054960313691739
qsampled,12,0.40695138296600203,0.15506080185253995,0.39990522636634135,0.4139975395656626
runif,12,0.5299856204163735,0.14985279640059412,0.52305880357484,0.536912437257907
m2,12,0.49960265151000754,0.14466543097576762,0.4927967813278482,0.5064085216921668
qsampled,13,0.42768087236244445,0.16275707015317048,0.42074522846883217,0.43461651625605663
runif,13,0.5474132172792315,0.15353807728741242,0.5406768632467821,0.554149571311681
m2,13,0.521222676927915,0.1491629324916666,0.5145829944482686,0.5278623594075612
qsampled,14,0.4267686452496707,0.16217173472107313,0.4200973646881016,0.43343992581123997
runif,14,0.5390800465942164,0.15414108756215952,0.532576042085672,0.5455840511027608
m2,14,0.5067464856937575,0.15069686258825357,0.500315556475957,0.5131774149115581
qsampled,15,0.4327675022427617,0.16440506885889933,0.4262782432066716,0.43925676127885194
runif,15,0.5465832216704374,0.1552026808933957,0.540278192238155,0.5528882511027198
m2,15,0.5096780371448094,0.1526305291871174,0.5034254721650777,0.5159306021245411
qsampled,16,0.4343545877541849,0.16736789839436658,0.42801505809843593,0.44069411740993375
runif,16,0.5512586229051643,0.15741974652925741,0.5451103864632438,0.5574068593470847
m2,16,0.5078232260533867,0.15651939990852473,0.5016925969375496,0.5139538551692235
qsampled,17,0.4352966116982981,0.16492144727743036,0.4291915069079689,0.44140171648862725
runif,17,0.5462299095023209,0.15581535789268758,0.5402957435853845,0.5521640754192573
m2,17,0.5020591609421505,0.1547901089380595,0.4961445503455812,0.5079737715387199
qsampled,18,0.4499622126703181,0.16587802316600367,0.44401195915467223,0.45591246618596387
runif,18,0.5552894041980009,0.1560119054675005,0.5495188182392157,0.5610599901567863
m2,18,0.5110329316149707,0.15702539276623537,0.5052436325068935,0.516822230723048
qsampled,19,0.45020214131634295,0.16271530752825175,0.44446608819634476,0.45593819443634115
runif,19,0.5539164057091321,0.15321699166733055,0.548350287512296,0.5594825239059683
m2,19,0.5021645018128806,0.15494633710649083,0.49656705963552583,0.5077619439902354
qsampled,20,0.44929336481268056,0.16090002118283053,0.4437338431263826,0.45485288649897854
runif,20,0.5504134035408044,0.1522380080822905,0.5450055997677599,0.5558212073138491
m2,20,0.49596220554377524,0.1542666224217905,0.4905184907516831,0.5014059203358674
qsampled,21,0.4389668786327915,0.1568526144587455,0.43361003021041383,0.4443237270551689
runif,21,0.5392240175632033,0.15031318206586056,0.5339800256766575,0.544468009449749
m2,21,0.48413309074382777,0.1495568191861152,0.47890230915241094,0.4893638723352448
qsampled,22,0.43890193705789565,0.15578990417086985,0.43368602451498545,0.4441178496008055
runif,22,0.5349184154665666,0.14983964396245847,0.5298030812757994,0.540033749657334
m2,22,0.4808457887080964,0.1489459932767036,0.47574573137625087,0.48594584603994173
qsampled,23,0.4428100220221487,0.15667891740591872,0.43769423671606084,0.44792580732823656
runif,23,0.5353581710086773,0.1505755378199507,0.5303430173869063,0.5403733246304484
m2,23,0.48281511707121894,0.14999265307163745,0.47780967980544636,0.4878205543369916
qsampled,24,0.4365764066410028,0.15567640070948435,0.43158439298299406,0.4415684202990115
runif,24,0.5314907381064806,0.14953115358652705,0.5265982450747294,0.536383231138232
m2,24,0.47800334027393787,0.14879533906715742,0.4731228996036572,0.4828837809442184
qsampled,25,0.4405551071836584,0.15626036717496675,0.4356547974149136,0.4454554169524029
runif,25,0.537418767492877,0.14929962209340764,0.5326288451941165,0.5422086897916377
m2,25,0.47997414388019366,0.15015165281559376,0.47517057333902885,0.4847777144213585
qsampled,26,0.43981591118235674,0.1550583720289304,0.43502928793495127,0.44460253442976233
runif,26,0.5357862196649303,0.14828333699662402,0.5311053363926359,0.5404671029372246
m2,26,0.4762941179424338,0.14909919865589333,0.4716003751180859,0.4809878607667815
qsampled,27,0.43559039121237253,0.15229611793924863,0.4309352796303741,0.4402455027943711
runif,27,0.5318489053214968,0.14609768342936866,0.5272895090093515,0.5364083016336418
m2,27,0.46793426726288495,0.1464389925102304,0.46336954829427296,0.47249898623149694
qsampled,28,0.4386180178635762,0.15233149103574822,0.4340462655187982,0.44318977020835415
runif,28,0.534492821030162,0.1458589387266545,0.5300192496178512,0.5389663924424731
m2,28,0.46768015808640656,0.14716291192568984,0.4631866343914297,0.4721736817813832
qsampled,29,0.4375371266374895,0.15102258037317512,0.4330642372102269,0.442010016064752
runif,29,0.5321885591433269,0.14474350115069928,0.5278096417164135,0.5365674765702402
m2,29,0.465213789496887,0.14676333285850313,0.4608044249903591,0.4696231540034149
qsampled,30,0.4367311363552389,0.1511084351709287,0.4323321831662123,0.4411300895442654
runif,30,0.53232092600351,0.1448166509682471,0.528014527297703,0.536627324709317
m2,30,0.4686109493886214,0.14664238013420472,0.4642774899399976,0.4729444088372451
qsampled,31,0.4368702342586784,0.15113395551562048,0.4325424537556048,0.44119801476175197
runif,31,0.5313520814864537,0.14465298893659573,0.5271181102092918,0.5355860527636157
m2,31,0.46716685302948074,0.1460306780916427,0.4629127671547651,0.4714209389041962
qsampled,32,0.43442233635994104,0.14952816627580912,0.43018540885566753,0.43865926386421433
runif,32,0.5266396944063999,0.14385836618662656,0.5224838709384104,0.5307955178743896
m2,32,0.4599868942249771,0.144505390363544,0.4558217355279746,0.46415205292197953
qsampled,33,0.4355151438053086,0.14960955152498323,0.43134177552066866,0.4396885120899485
runif,33,0.5257066743794423,0.14377055977512512,0.5216155561289141,0.5297977926299703
m2,33,0.4600370520436776,0.14405943954634196,0.4559418256912193,0.4641322783961359
qsampled,34,0.4348418461514808,0.1492582637859141,0.4307351432373268,0.4389485490656348
runif,34,0.5252464316880399,0.14360360850250764,0.5212182711534581,0.5292745922226216
m2,34,0.46098875351779145,0.1443765824452924,0.45694976635973633,0.46502774067584646
qsampled,35,0.4361096225648239,0.14933555365879964,0.4320609682561062,0.4401582768735416
runif,35,0.5267270330890307,0.14388873661641394,0.5227528992597629,0.5307011669182987
m2,35,0.45933017335650705,0.14467703426072165,0.45534516820630144,0.4633151785067128
qsampled,36,0.4351448136647798,0.14871231791164602,0.4311611293631748,0.4391284979663848
runif,36,0.5255258487412281,0.14324510475332705,0.5216160775928322,0.529435619889624
m2,36,0.45697513989292626,0.1439404039587287,0.4530558913876372,0.46089438839821534
qsampled,37,0.43574662871117625,0.1488431194926443,0.4318154225640672,0.4396778348582852
runif,37,0.5272808325432091,0.14313202608338638,0.5234257840459113,0.5311358810405067
m2,37,0.4610134608016881,0.144560616957414,0.4571392215843142,0.464887700019062
qsampled,38,0.4314222245966243,0.1489551716494634,0.4275416331735789,0.43530281601966975
runif,38,0.5260239512295344,0.14271520886827188,0.5222255113665114,0.5298223910925574
m2,38,0.4595224432497638,0.14419966363804254,0.45570429972148324,0.4633405867780444
qsampled,39,0.42746784406533334,0.14776877055943077,0.4236526151899367,0.43128307294073
runif,39,0.5232284574244733,0.14245764765103286,0.5194824196644566,0.52697449518449
m2,39,0.4553725639548103,0.14355221216915312,0.4516121625079915,0.45913296540162885
qsampled,40,0.4260143731117247,0.14781922629601196,0.4222464962629937,0.42978224996045544
runif,40,0.5234335346441253,0.14250969369136837,0.5197339459757975,0.5271331233124532
m2,40,0.4572960534408401,0.14332270625465518,0.45358592677219267,0.4610061801094876
qsampled,41,0.4226570157177044,0.14718967059119267,0.41894330859443624,0.4263707228409726
runif,41,0.5201484788223292,0.14228814960436523,0.5164971297843481,0.5237998278603102
m2,41,0.4541722777640542,0.14293593467952623,0.45051262654680785,0.4578319289813005
qsampled,42,0.41924748686178315,0.14570839086379056,0.41559676923346944,0.42289820449009685
runif,42,0.5157732984237263,0.14078732546457004,0.5121847588389934,0.5193618380084593
m2,42,0.4501865494971994,0.1411557874623996,0.4465933171020017,0.45377978189239687
qsampled,43,0.4211894286833949,0.1457199198618547,0.41758127065695755,0.4247975867098322
runif,43,0.515655678131042,0.14049684116748815,0.5121127742654069,0.5191985819966772
m2,43,0.45127168972421555,0.14103554122103976,0.4477220001667859,0.4548213792816453
qsampled,44,0.4211052896876166,0.1455704298481906,0.41754020145986787,0.42467037791536516
runif,44,0.514709231441801,0.14084822605106379,0.5112024444195664,0.5182160184640356
m2,44,0.4521046433312426,0.1416062105884984,0.448588432960808,0.455620853701677
qsampled,45,0.42026818541463756,0.14459022344220826,0.41675482276366654,0.4237815480656088
runif,45,0.5131741149740876,0.13982858704136567,0.5097190875386539,0.5166291424095213
m2,45,0.4485802169374493,0.1405752250983667,0.4451159774354253,0.45204445643947355
qsampled,46,0.4183656804265642,0.14342161490622707,0.41490478954218285,0.42182657131094564
runif,46,0.5099267543076195,0.1388237073768697,0.5065217911116131,0.5133317175036258
m2,46,0.4443892245168013,0.13907713725239468,0.440981154769514,0.4477972942640886
qsampled,47,0.4162783093695296,0.1431188630979338,0.41285805201526576,0.4196985667237934
runif,47,0.5080326598788594,0.13907391634224192,0.5046610820532279,0.5114042377044913
m2,47,0.4447542175519038,0.13963051098420215,0.4413758996834979,0.44813253542030984
qsampled,48,0.4159302394199999,0.1431158943690743,0.4125458341837925,0.41931464465620744
runif,48,0.5072765699074355,0.1387223728619797,0.5039445186142647,0.5106086212006063
m2,48,0.44573358771787713,0.13941626702177548,0.4423932133013213,0.44907396213443296
qsampled,49,0.41598844268392154,0.1430942740439088,0.41263900496400246,0.4193378804038406
runif,49,0.507923901680397,0.1387230333970836,0.5046260200214406,0.5112217833393532
m2,49,0.44707897295140836,0.13927947742987382,0.4437744837018172,0.4503834622009995
qsampled,50,0.4139304001396403,0.1422578671854152,0.4106243323917372,0.4172364678875435
runif,50,0.5057329316067295,0.13818613760041162,0.5024745207706222,0.5089913424428368
m2,50,0.4438000456164724,0.13805726059773946,0.4405431545861363,0.4470569366468084
qsampled,51,0.41105759967126704,0.141173786251217,0.4077966031048671,0.41431859623766687
runif,51,0.5021087724809017,0.13759757359882585,0.49888934462050366,0.5053282003412998
m2,51,0.4378527488491136,0.13660184607932888,0.43464499086555874,0.4410605068326683
qsampled,52,0.4080825795102412,0.13980140065777627,0.4048688280310021,0.41129633098948015
runif,52,0.4989556454314178,0.1364337400040597,0.4957808377641253,0.5021304530987101
m2,52,0.4342369678577165,0.13504613357098166,0.4310783462238958,0.43739558949153695
qsampled,53,0.4071933423731463,0.1389672405536251,0.4040195662285728,0.4103671185177199
runif,53,0.498370821430637,0.13578612961799794,0.4952335811730123,0.5015080616882617
m2,53,0.43165201693436117,0.13438923903133282,0.42853095546689945,0.4347730784018228
qsampled,54,0.4060546321928498,0.13865620296732065,0.4029139022334054,0.40919536215229435
runif,54,0.49878822973328374,0.13578402250788782,0.49568019917005235,0.5018962602965151
m2,54,0.43021567942648925,0.1339175264837156,0.4271290843770071,0.4333022744759715
qsampled,55,0.4045934652466518,0.13810501780028514,0.40148761127208876,0.40769931922121494
runif,55,0.4979124874338997,0.13559219553623095,0.4948350186924779,0.5009899561753216
m2,55,0.42872798040038895,0.133460837468484,0.4256747946502519,0.43178116615052603
qsampled,56,0.40362669357572256,0.13751517913841727,0.40055527657423945,0.4066981105772057
runif,56,0.4969679806762777,0.13517056386358384,0.4939228598663161,0.5000131014862393
m2,56,0.428526302213748,0.13303817459476286,0.42550529610719307,0.43154730832030314
qsampled,57,0.39977494623642207,0.1354781113738595,0.3967532246134817,0.4027966678593625
runif,57,0.4912796169609355,0.1335124976176243,0.48827989608415456,0.4942793378377164
m2,57,0.4201278681083726,0.13092094906736193,0.41715740298309084,0.4230983332336545
qsampled,58,0.39871483956976733,0.135484203311073,0.3957192142793178,0.4017104648602169
runif,58,0.49059090216415296,0.1336066849451161,0.48761610573367764,0.4935656985946283
m2,58,0.4191398139161218,0.13083233492308233,0.41619606541333537,0.4220835624189084
qsampled,59,0.39501079606997735,0.13417038750782556,0.3920551030098134,0.3979664891301413
runif,59,0.48767798921977973,0.13252674815870408,0.48474045614158956,0.4906155222979699
m2,59,0.4152498821928509,0.12918692697577125,0.4123495998495606,0.41815016453614123
qsampled,60,0.39431610796561345,0.13404714800844375,0.3913864965708967,0.3972457193603301
runif,60,0.4880757660804786,0.13283125176039348,0.48515947170913154,0.49099206045182553
m2,60,0.415000513751049,0.12920753423174045,0.4121242735886529,0.4178767539134455
qsampled,61,0.39318366577344954,0.1336142255717591,0.3902828634109619,0.3960844681359373
runif,61,0.48681425827876895,0.13251371319598315,0.48392542683321305,0.48970308972432486
m2,61,0.4138474835604487,0.12844385899341002,0.4110033599765528,0.4166916071443447
qsampled,62,0.3901688983121715,0.13251595894894247,0.3873034352357562,0.39303436138858666
runif,62,0.4826411679351789,0.13192239682022897,0.4797821295159651,0.48550020635439284
m2,62,0.408721515033032,0.1274051176608647,0.40591185249191847,0.41153117757414553
qsampled,63,0.3903543671244008,0.1323887911282611,0.38751310194792715,0.39319563230087445
runif,63,0.4821126081102729,0.13171619027982373,0.47927856964382665,0.4849466465767194
m2,63,0.4075014883848438,0.12695324069569044,0.4047191621168307,0.410283814652857
qsampled,64,0.3894426430171577,0.13246073035852055,0.38662289765998237,0.39226238837433314
runif,64,0.4814636642707628,0.13181598738876665,0.47865078973730296,0.48427653880422267
m2,64,0.407617667180241,0.12685961463764955,0.40485818234660415,0.41037715201387776
qsampled,65,0.3893062424525103,0.13211215617848288,0.38651195622488627,0.3921005286801343
runif,65,0.480280932019178,0.13140106804722113,0.47749417600210925,0.48306768803624683
m2,65,0.40756247715183486,0.12662252129356602,0.4048268621396408,0.4102980921640289
qsampled,66,0.38892267409509573,0.13184590197711368,0.3861524340320327,0.39169291415815877
runif,66,0.47940437106593375,0.1312083934341184,0.4766408365268356,0.4821679056050319
m2,66,0.4069162197756234,0.1263440517928659,0.40420439584976586,0.4096280437014811
qsampled,67,0.3876807532650489,0.1314309851121093,0.38493559481453193,0.3904259117155658
runif,67,0.47908273769525717,0.1310609368015165,0.4763414465112305,0.48182402887928394
m2,67,0.4056116231692843,0.1260429210213146,0.402923322964636,0.40829992337393234
qsampled,68,0.3881136646777347,0.1316179797714607,0.385386828952,0.39084050040346946
runif,68,0.4794560019710583,0.13111336136758306,0.4767343985582736,0.4821776053838428
m2,68,0.4060999922171749,0.12626675679055677,0.4034291644798488,0.40877081995450115
qsampled,69,0.3865755290317039,0.1304642019770224,0.38388041686215085,0.38927064120125693
runif,69,0.4775854600283898,0.1300277396762517,0.47489485982578694,0.4802760602309927
m2,69,0.4040631924860402,0.12503950889449536,0.40142470648890194,0.4067016784831784
qsampled,70,0.3861242903507523,0.13016527508371342,0.38345156612099823,0.38879701458050636
runif,70,0.4770966312863653,0.12955774614987625,0.4744301516422062,0.47976311093052443
m2,70,0.40329261560717466,0.1242549023762656,0.4006812760548757,0.40590395515947364
qsampled,71,0.38410245356042244,0.129387981916147,0.38145655439082565,0.38674835273001934
runif,71,0.4757408652556223,0.12936085999177643,0.4730952434133208,0.4783864870979236
m2,71,0.4009430089227495,0.12347707079443401,0.3983582533546028,0.40352776449089606
qsampled,72,0.3834475380412612,0.12914985195682366,0.38082249698619086,0.3860725790963315
runif,72,0.4756147371477209,0.12924163772787003,0.47298876346044066,0.47824071083500114
m2,72,0.3998569527062174,0.12345773707251477,0.3972904111540293,0.4024234942584054
qsampled,73,0.38123484818899284,0.12789910688079803,0.3786405038518763,0.3838291925261095
runif,73,0.47297140744967897,0.1282278459338011,0.47037373113082875,0.4755690837685292
m2,73,0.3961954978099289,0.12210204875103654,0.3936606298773223,0.3987303657425354
qsampled,74,0.3807826671767415,0.12775031707710457,0.37820741164862176,0.3833579227048612
runif,74,0.4716983649338516,0.12781087058532437,0.46912249914391096,0.4742742307237921
m2,74,0.3960678802732521,0.12188965105275619,0.3935523893671525,0.3985833711793518
qsampled,75,0.37952226054716126,0.12736659371677334,0.3769680762221298,0.3820764448721927
runif,75,0.4713083104626457,0.1276794301827371,0.4687509912812661,0.4738656296440253
m2,75,0.3959427106790601,0.12187068663049949,0.3934442409200299,0.39844118043809046
qsampled,76,0.37764529495236293,0.1266637624646775,0.37511498103811913,0.3801756088666066
runif,76,0.4702650398883187,0.12721179842217262,0.46772925792916437,0.4728008218474728
m2,76,0.39435964923110284,0.12117458382661742,0.391884770177734,0.3968345282844716
qsampled,77,0.3762032381790548,0.12614960992751004,0.3736945163355907,0.37871196002251883
runif,77,0.46923289492312864,0.12677846117926045,0.4667179279090617,0.4717478619371956
m2,77,0.39335496207427595,0.12032264899672504,0.39090486524882323,0.39580505889972867
qsampled,78,0.37574925153440286,0.12609311562731013,0.3732572218175096,0.378241281251296
runif,78,0.4690246638032893,0.12673614104066278,0.46652628797990325,0.4715230396266753
m2,78,0.39245235919329063,0.12011629951098786,0.3900201075747454,0.39488461081183573
qsampled,79,0.37431566111158204,0.125553715695541,0.37184475647493825,0.3767865657482257
runif,79,0.4676603266844476,0.12623951688804164,0.4651826829336418,0.47013797043525346
m2,79,0.38997883251055365,0.11957588227654763,0.3875674672699789,0.3923901977511284
qsampled,80,0.3733720434336585,0.1250776696089072,0.3709212903437351,0.37582279652358175
runif,80,0.46662710769752075,0.12563827167944747,0.4641708685714469,0.4690833468235946
m2,80,0.38918371415534386,0.11900785132803164,0.38679316611652703,0.39157426219416047
qsampled,81,0.3721831002044332,0.12449314881242605,0.3697532203683579,0.37461298004050825
runif,81,0.4655348134738416,0.12502658322612342,0.46309973336763444,0.4679698935800486
m2,81,0.38845398773753514,0.11828673219413438,0.38608545120175064,0.39082252427331965
qsampled,82,0.3717056403392189,0.12432768767083999,0.3692922281403786,0.37411905253805927
runif,82,0.4654862093889155,0.12482451111927789,0.4630679799031292,0.4679044388747019
m2,82,0.38887936498366465,0.11838725260194115,0.3865243154481249,0.3912344145192043
qsampled,83,0.370440299013227,0.1232365552744821,0.36805201949965405,0.3728285785268003
runif,83,0.4637139656908579,0.12399842066289458,0.46131831521506933,0.46610961616664665
m2,83,0.38717255163863684,0.11717169669537375,0.3848437808891605,0.3895013223881133
qsampled,84,0.36830102811661064,0.12236455022626001,0.3659354215612066,0.37066663467201466
runif,84,0.4622888360222234,0.12342948180013222,0.45991295789839143,0.4646647141460553
m2,84,0.3858814042831295,0.11626753506189422,0.38357548586309365,0.38818732270316536
qsampled,85,0.36774049510526124,0.12231486803953512,0.36538932290547377,0.3700916673050487
runif,85,0.46194780996482193,0.12331663749405443,0.4595870292457137,0.46430859068393027
m2,85,0.3855984165919215,0.11605193658076467,0.38330822925790176,0.38788860392594116
qsampled,86,0.3665171898313591,0.12195680670367612,0.3641831514147295,0.3688512282479887
runif,86,0.4608957726548094,0.12287365075322508,0.45855297727567984,0.46323856803393876
m2,86,0.3845566328483175,0.11552943719515166,0.3822849311295889,0.38682833456704596
qsampled,87,0.36477030731254734,0.12104080028517174,0.36245845333202337,0.3670821612930713
runif,87,0.45853173675404574,0.12207461512393944,0.4562100309413834,0.46085344256670807
m2,87,0.38203860870904505,0.1144782044351875,0.3797903001627536,0.3842869172553367
qsampled,88,0.3641787687340225,0.12071066308549536,0.36188322513233234,0.36647431233571265
runif,88,0.45791588962590746,0.12165313728986654,0.45561140197568895,0.46022037727612597
m2,88,0.3815197670686542,0.11394364531115012,0.3792894953200948,0.3837500388172136
qsampled,89,0.36220795622853325,0.11961563504282575,0.3599357226723395,0.3644801897847268
runif,89,0.45555116642007976,0.12079722031405844,0.45326773767222694,0.4578345951679328
m2,89,0.37794869676614334,0.11268877313357646,0.37574323608619226,0.3801541574460942
qsampled,90,0.36096452666879225,0.11888874102929425,0.3587118283181384,0.363217225019446
runif,90,0.4540483163960709,0.12030446415423486,0.45178224521036525,0.45631438758177656
m2,90,0.3760637570437258,0.11166397893499545,0.3738805786402492,0.3782469354472024
qsampled,91,0.3601376753667105,0.11852901364024437,0.35790078084158927,0.3623745698918317
runif,91,0.4532139642267372,0.11994261583410791,0.4509637703970454,0.4554641580564289
m2,91,0.3760365104957859,0.11145541576803275,0.37386738959267124,0.37820563139890045
qsampled,92,0.35857160370679175,0.11794939211558783,0.3563523459599098,0.36079086145367384
runif,92,0.45181115537474975,0.11958292709138071,0.4495765827145216,0.4540457280349779
m2,92,0.3732498891718046,0.11059700271178952,0.37110091314967203,0.37539886519393745
qsampled,93,0.3580676741337847,0.11798031471381629,0.3558600911176252,0.36027525714994435
runif,93,0.45198826939727854,0.119563104006729,0.4497659275730865,0.4542106112214706
m2,93,0.3732425255317527,0.11077088294667077,0.371103455133319,0.37538159593018616
qsampled,94,0.35675251912543066,0.1172480105501914,0.35456353557702325,0.35894150267383806
runif,94,0.4509349579282409,0.11892933741317004,0.44873033532361345,0.4531395805328681
m2,94,0.3722740549544417,0.11007482669819345,0.3701530886861752,0.37439502122270824
qsampled,95,0.35450161102304134,0.11622799755800764,0.35233367131759397,0.3566695507284887
runif,95,0.44859493067525413,0.11812248164740231,0.4464093939788475,0.4507804673716608
m2,95,0.3697824815424086,0.10887154728048484,0.3676842712200677,0.37188069186474954
qsampled,96,0.35360293583400093,0.11596683070246527,0.3514487416732909,0.3557571299947111
runif,96,0.4484493728786895,0.1179778617680801,0.44627658059372094,0.4506221651636581
m2,96,0.3697501713515322,0.10875226995312828,0.3676640617812088,0.3718362809218556
qsampled,97,0.3533998067904324,0.11603775476947668,0.35125609053279866,0.3555435230480663
runif,97,0.44831265551436866,0.11785846321599762,0.44615218655941014,0.4504731244693272
m2,97,0.3694462849190762,0.10858839202442162,0.3673725208560369,0.37152004898211555
qsampled,98,0.3523266735303221,0.11568992718813591,0.3501971218162399,0.3544562252444043
runif,98,0.44702759342392945,0.1174493326356902,0.44488190976469877,0.4491732770831601
m2,98,0.36839463708724873,0.108165980582833,0.36633549761898937,0.370453776555508
qsampled,99,0.35036362073527644,0.11486142695384297,0.34825245218758333,0.35247478928296966
runif,99,0.4451430951644721,0.11682186702916562,0.4430139862670516,0.44727220406189283
m2,99,0.36658887953586383,0.10751416938312289,0.36454634854136553,0.36863141053036225
qsampled,100,0.3496221222772255,0.11471052380095519,0.34752291666351537,0.3517213278909355
runif,100,0.4448510472949894,0.1168254228632656,0.4427325787085011,0.44696951588147754
m2,100,0.36684583317198616,0.10750526103341713,0.3648136249380599,0.3688780414059124
qsampled,101,0.34962284212517175,0.11462012887767754,0.3475348778919885,0.351710806358355
runif,101,0.4447635982575195,0.11658814425574779,0.4426577852521332,0.4468694112629058
m2,101,0.36654445597469043,0.1071840553723396,0.3645253565682471,0.3685635553811338
qsampled,102,0.34948114655735174,0.11446798218631965,0.3474048223260984,0.3515574707886051
runif,102,0.44418637126925486,0.11642437430379471,0.4420923788022825,0.4462803637362271
m2,102,0.36546824427296437,0.106944539882159,0.3634613131550276,0.367475175390901
qsampled,103,0.3485541891438248,0.11419392094517597,0.3464904439506188,0.3506179343370309
runif,103,0.4435883123620588,0.11618878192239747,0.4415066193633286,0.44567000536078916
m2,103,0.3650924571832789,0.10664579735954238,0.3630980838663654,0.3670868305001925
qsampled,104,0.3483400784439411,0.11419286974256507,0.3462862887537201,0.3503938681341621
runif,104,0.44303994426560844,0.11601445916330812,0.4409698384963816,0.44511005003483517
m2,104,0.36470518980144007,0.1062513512727035,0.36272410207756206,0.3666862775253182
qsampled,105,0.3472534601764011,0.11334674464840212,0.34521706071460523,0.3492898596381969
runif,105,0.44175392621986465,0.11536038860213912,0.43969951772126487,0.4438083347184644
m2,105,0.36223670889649934,0.10517297140491999,0.3602751085940223,0.3641983091989765
qsampled,106,0.3461135074834609,0.11275202730580927,0.34409206077198473,0.348134954194937
runif,106,0.4397888325633699,0.11490345128912774,0.4377481913467194,0.4418294737800208
m2,106,0.3606818006741201,0.10455325254707677,0.35873523575901617,0.3626283655892241
qsampled,107,0.34591274125589144,0.11256297317450695,0.3439024504203782,0.3479230320914047
runif,107,0.43949231143950884,0.1147334414662919,0.437462731670293,0.4415218912087247
m2,107,0.36072165392449446,0.10464731700230517,0.35878333532114925,0.36265997252783977
qsampled,108,0.3449094314813132,0.11212822872850416,0.3429123372307384,0.346906525731888
runif,108,0.43851479893071826,0.11455911248691512,0.4364961727539145,0.4405334251075219
m2,108,0.36004561587004025,0.1042360249500042,0.35812008714814997,0.36197114459193064
qsampled,109,0.3437057609066445,0.11173014576056009,0.3417213808789885,0.3456901409343004
runif,109,0.43730082920774893,0.11417051831955975,0.43529489515512904,0.4393067632603688
m2,109,0.35889080409255947,0.10385670689307569,0.35697761921884114,0.3608039889662779
qsampled,110,0.3435013883658031,0.11134663573103823,0.3415294420978729,0.34547333463373336
runif,110,0.4366586652773415,0.11380554012652393,0.43466506433922425,0.4386522662154587
m2,110,0.3577634162707165,0.10332177107766996,0.3558638587536541,0.3596629737877789
qsampled,111,0.342681843964998,0.11096709334151035,0.3407221491548432,0.3446415387751528
runif,111,0.43623026256721004,0.11361940844632684,0.4342472859221843,0.438213239212236
m2,111,0.3575465634512247,0.10320598573162233,0.35565664188691454,0.3594364850155349
qsampled,112,0.34246413787299823,0.1106880854191932,0.34051566568645186,0.3444126100595445
runif,112,0.43580985172303316,0.11339381243272413,0.4338377084996534,0.4377819949464129
m2,112,0.3574406660135259,0.10284109072427305,0.35556252969850805,0.3593188023285439
qsampled,113,0.3416399606961711,0.11037028734786172,0.3397029161523315,0.34357700524001067
runif,113,0.4348364744966473,0.11324159801648541,0.43287439537811356,0.43679855361518116
m2,113,0.35643195049083254,0.10263375594425846,0.3545640289414793,0.3582998720401859
qsampled,114,0.3405795152663789,0.11016642076728858,0.3386527673576247,0.34250626317513305
runif,114,0.4341577100995765,0.1131404783938464,0.43220512809790673,0.43611029210124624
m2,114,0.35613299828610495,0.10262509637406046,0.3542733660522257,0.3579926305199841
qsampled,115,0.3397297896629663,0.10997236439658514,0.3378131277049562,0.3416464516209764
runif,115,0.434002368086401,0.11284429949366419,0.43206084055086125,0.4359438956219408
m2,115,0.35653191094826087,0.10244729051355123,0.3546819865500507,0.35838183534647106
qsampled,116,0.3393502586004771,0.10990453155935487,0.33744246482390683,0.3412580523770474
runif,116,0.4335698877886331,0.1128822838747021,0.43163642186705364,0.43550335371021254
m2,116,0.3558186299595841,0.102482276721873,0.3539763823126139,0.35766087760655413
qsampled,117,0.33831259911101463,0.10943532150689259,0.3364170352858218,0.3402081629362075
runif,117,0.4321211937345551,0.11245145012888717,0.4301996857956712,0.4340427016734389
m2,117,0.3534433951635548,0.10183151431859967,0.35161487078851866,0.355271919538591
qsampled,118,0.33753388093081926,0.10904981900464936,0.33564969387166904,0.3394180679899697
runif,118,0.43166810487297214,0.11215030233593364,0.4297573201231433,0.43357888962280117
m2,118,0.3527424700040606,0.10140228492491599,0.35092555164730865,0.35455938836081236
qsampled,119,0.3372825604032745,0.10916411046712966,0.33540532399857936,0.3391597968079697
runif,119,0.43188426769729904,0.11216087658359498,0.4299814388575976,0.4337870965370007
m2,119,0.35308110678529336,0.101651645916633,0.3512696155580616,0.35489259801252515
qsampled,120,0.33641939634065426,0.10875676038954422,0.33455348940172924,0.3382853032795792
runif,120,0.43095056960582995,0.11199023475203061,0.42905712795600437,0.43284401125565586
m2,120,0.3516755512113322,0.10141304806331689,0.34987374215056083,0.35347736027210347
qsampled,121,0.33599593980069625,0.10863978580991285,0.33413875893505607,0.33785312066633655
runif,121,0.43060233899761347,0.11186047993290306,0.42871783054675827,0.4324868474484691
m2,121,0.35131398305224504,0.10119770807630497,0.34952154114755724,0.35310642495693295
qsampled,122,0.33524042285969546,0.10819944823501747,0.3333946213051105,0.33708622441428043
runif,122,0.42965221026981837,0.11145545459446168,0.4277788420514314,0.43152557848820544
m2,122,0.35017480780131904,0.10076540413179297,0.3483935441329115,0.3519560714697266
qsampled,123,0.3346443668458073,0.10779147370048105,0.3328095529788288,0.3364791807127859
runif,123,0.4287867385882517,0.11116963304156743,0.42692339520719075,0.4306500819693127
m2,123,0.349197485877744,0.10037627596785771,0.3474269067166176,0.35096806503887046
qsampled,124,0.33372946359602523,0.10765648429489946,0.33190320789707717,0.3355557192949732
runif,124,0.4288065027816236,0.11118387639487409,0.42695056935657844,0.4306624362066686
m2,124,0.34845468490500037,0.100327034515909,0.34669169236185665,0.3502176774481442
qsampled,125,0.33352824118564117,0.10764580691682948,0.3317093955236426,0.3353470868476394
runif,125,0.42858856092616615,0.11109830844608144,0.4267407777309354,0.43043634412139703
m2,125,0.3479249380129345,0.10022578564152074,0.3461698979915491,0.3496799780343201
qsampled,126,0.33276914237049643,0.10733027390681116,0.33096018592998994,0.3345780988110028
runif,126,0.42755696724806064,0.11083611306382295,0.42571870429910064,0.42939523019702075
m2,126,0.34690014864168034,0.0998982468612075,0.34515494575063604,0.3486453515327244
qsampled,127,0.33272016474410554,0.1072676481887154,0.3309188701357748,0.33452145935243627
runif,127,0.42770610264484316,0.11074376589303625,0.4258758543390449,0.4295363509506413
m2,127,0.3471314111903389,0.09979734178313077,0.3453939710280023,0.34886885135267565
qsampled,128,0.3318512164230088,0.1071710688454075,0.3300577799655885,0.333644652880429
runif,128,0.4274676835269807,0.1105996621111226,0.42564578530078867,0.4292895817531728
m2,128,0.3460697283170459,0.09959561219140883,0.34434083850282954,0.34779861813126206
qsampled,129,0.33130059394546146,0.10702365799256688,0.3295153514910248,0.33308583639989814
runif,129,0.4268202412651153,0.11047962700998043,0.42500640362308084,0.4286340789071498
m2,129,0.3454099638528105,0.09946771812369513,0.3436888944323055,0.34713103327331535
qsampled,130,0.33050185784924674,0.10674380470125279,0.32872582171425535,0.3322778939842381
runif,130,0.4262287689751165,0.11015384523568714,0.4244245872085513,0.42803295074168174
m2,130,0.3452099002918821,0.09921804853802302,0.3434976162906241,0.3469221842931403
qsampled,131,0.32948420811770934,0.10637641865434831,0.3277180111356115,0.3312504050998071
runif,131,0.42565450718295234,0.10987377158443488,0.42385951123651183,0.42744950312939295
m2,131,0.3438563140892224,0.09879506044586858,0.34215421800923596,0.34555841016920896
qsampled,132,0.3294699591322365,0.10647708418012224,0.32770963281202503,0.3312302854524478
runif,132,0.4262376241862549,0.11012011315852162,0.42444743704957616,0.4280278113229337
m2,132,0.34459863673601204,0.0990346555835456,0.3429009455047962,0.34629632796722787
qsampled,133,0.32891392308207323,0.1058695102401714,0.32716523771909756,0.330662608445049
runif,133,0.4254134739270752,0.10969049947132725,0.42363351193062015,0.4271934359235302
m2,133,0.34357399668580846,0.09858737452295405,0.3418865235277361,0.34526146984388106
qsampled,134,0.32834334981806107,0.10547134816846505,0.3266044808250119,0.33008221881111033
runif,134,0.424542146887978,0.10927897710688943,0.4227721686558378,0.42631212512011807
m2,134,0.34286931999568504,0.09809331368209555,0.341192373070665,0.3445462669207053
qsampled,135,0.3272325718097568,0.10491917108777378,0.32550469599444143,0.32896044762507204
runif,135,0.4229941892195297,0.10886529446979414,0.4212341196822393,0.4247542587568202
m2,135,0.34078660679436323,0.09737761427866343,0.33912198849075037,0.3424512250979761
qsampled,136,0.32681403273983195,0.10441822762390328,0.32509663589518656,0.32853142958447745
runif,136,0.4221579662320217,0.10846074732122045,0.4204076408195086,0.42390829164453486
m2,136,0.3399775759441851,0.09685976683075374,0.338323504699811,0.3416316471885593
qsampled,137,0.32608022425567934,0.10401673137954008,0.32437239973193893,0.32778804877941964
runif,137,0.4214931897696663,0.10821629092051532,0.41975123061833297,0.423235148921
m2,137,0.33910286080912694,0.09650683365528999,0.3374578427205289,0.34074787889772506
qsampled,138,0.3259348506502663,0.10383070225380768,0.3242347475762234,0.3276349537243093
runif,138,0.42103001272458157,0.1079098083841099,0.41929683612163104,0.4227631893275321
m2,138,0.33874275982791563,0.09644879188814652,0.3371042058487614,0.34038131380707
qsampled,139,0.32493550316788083,0.1033728721189647,0.3232452655462775,0.32662574078948403
runif,139,0.420197021212442,0.10740432624256079,0.41847413990080545,0.42191990252407846
m2,139,0.3380438918188553,0.09600843133613335,0.3364149740545193,0.3396728095831913
qsampled,140,0.32437826614536225,0.10321688149860173,0.32269534721869153,0.32606118507203297
runif,140,0.4198276074660298,0.10728800106531652,0.4181118203403038,0.4215433945917558
m2,140,0.3378759265380473,0.09586994663173153,0.3362540078766984,0.33949784519939646
qsampled,141,0.32396918407098835,0.10324327822552175,0.32229202924664474,0.32564633889533195
runif,141,0.4200770071117297,0.10741902364375237,0.41836627162962836,0.4217877425938311
m2,141,0.3374935785055988,0.09601162843723338,0.3358762278807404,0.33911092913045754
qsampled,142,0.3236281028652357,0.1030922962922507,0.3219580864989082,0.32529811923156327
runif,142,0.4202272324863897,0.10739499217331543,0.4185227221625053,0.4219317428102741
m2,142,0.3373502750810177,0.09592753648936952,0.3357393354477029,0.3389612147143323
qsampled,143,0.32299356843270244,0.10291174065632788,0.32133085957571267,0.3246562772896923
runif,143,0.4196692871110923,0.10729477285651465,0.4179715398809809,0.4213670343412037
m2,143,0.3364912181624128,0.09575385284526662,0.334887375073465,0.3380950612513606
qsampled,144,0.32233632750772956,0.10258795717449606,0.3206820106842181,0.32399064433124103
runif,144,0.4193187066000217,0.10717152253915986,0.41762783669001796,0.4210095765100253
m2,144,0.3362525682086218,0.0956821545475283,0.33465490229916744,0.3378502341180762
qsampled,145,0.32195379571272725,0.10262383542907229,0.32030490513603593,0.3236026862894187
runif,145,0.41957257776835016,0.1072838352948293,0.4178866659289872,0.4212584896077131
m2,145,0.336265925284323,0.09570225291929856,0.3346736109822017,0.33785823958644423
qsampled,146,0.3213981050104642,0.10232257608291499,0.3197572848017396,0.323038925219189
runif,146,0.4187222546582897,0.10701286553710666,0.4170442496206777,0.42040025969590195
m2,146,0.33552220637026775,0.09537429947684413,0.3339380759127175,0.3371063368278179
qsampled,147,0.3211721770752213,0.10215529436994406,0.31953828472528417,0.3228060694251584
runif,147,0.41856581088458933,0.10691445051240603,0.4168942923228004,0.42023732944637826
m2,147,0.3350146028606527,0.09511538015631127,0.3334380142909963,0.33659119143030913
qsampled,148,0.3209260516285428,0.10205307054545881,0.3192985035631944,0.32255359969389125
runif,148,0.41853023274910184,0.10680260465311785,0.4168652424511364,0.4201952230470671
m2,148,0.3349730098162942,0.09504073324469434,0.3334023733581988,0.33654364627438993
qsampled,149,0.32037724150025454,0.10189352645031129,0.31875643271781157,0.3219980502826975
runif,149,0.4184997673458624,0.10672318613239332,0.4168409908389351,0.42015854385278983
m2,149,0.3346971627292282,0.09484081833443346,0.33313345302611475,0.33626087243234193
qsampled,150,0.31939182804583516,0.10144914013438086,0.3177799575307749,0.3210036985608955
runif,150,0.41735600106095966,0.10648034469208,0.4157046451319599,0.4190073569899594
m2,150,0.33345015792305555,0.09452805649812533,0.33189424126560524,0.33500607458050585
qsampled,151,0.3189700714373819,0.10136912570450957,0.3173641808633906,0.3205759620113732
runif,151,0.41720554343736754,0.10641334621045337,0.41556018262852173,0.41885090424621335
m2,151,0.33311022520249006,0.09437964049159366,0.3315606871067952,0.3346597632981849
qsampled,152,0.31858369254910957,0.10111183143516476,0.3169851259158094,0.32018225918240983
runif,152,0.4166585615375194,0.10616474800833746,0.4150205388149987,0.4182965842600401
m2,152,0.332586367806584,0.09406514235262983,0.33104451074600155,0.33412822486716637
qsampled,153,0.31799162108569656,0.10088246379774217,0.3164000954025441,0.3195831467688488
runif,153,0.41635302327610446,0.10603082827748495,0.41472139250063816,0.41798465405157054
m2,153,0.33233102666200376,0.09393262482962327,0.3307952995888666,0.3338667537351409
qsampled,154,0.3174937130059725,0.10063650057361663,0.31590929814459545,0.31907812786734946
runif,154,0.41632010020566906,0.10594442856068813,0.41469443838827147,0.41794576202306655
m2,154,0.3318711444666498,0.09385104246074855,0.33034107660020195,0.3334012123330975
qsampled,155,0.31748119966565663,0.10042131186924,0.3159035935594332,0.31905880577188006
runif,155,0.41589523257691424,0.10573571088003585,0.41427642034231504,0.41751404481151344
m2,155,0.3318774587691889,0.09380276564689544,0.3303527269805229,0.33340219055785475
qsampled,156,0.31751428498110273,0.10050848142076088,0.3159410611476377,0.31908750881456777
runif,156,0.4163510096946441,0.10586979765631666,0.41473637156926463,0.4179656478200235
m2,156,0.3324792824556918,0.0939512085591692,0.33095824346499625,0.33400032144638736
qsampled,157,0.3166647186867694,0.10020588988156676,0.3150988756060577,0.31823056176748127
runif,157,0.4155771729113946,0.10561969227185135,0.41396958747964735,0.4171847583431419
m2,157,0.33161876709901944,0.09367127684604415,0.33010484045238586,0.3331326937456529
qsampled,158,0.31630577742433336,0.09997153584879118,0.3147467237878215,0.31786483106084523
runif,158,0.41531293459395247,0.10545100570598075,0.413711724801174,0.4169141443867307
m2,158,0.3312618082151432,0.09359203032988783,0.32975331865509394,0.3327702977751926
qsampled,159,0.31603405649709837,0.09989143932653952,0.314480536062088,0.31758757693210876
runif,159,0.4147110622630558,0.10527330434948844,0.4131162412017304,0.41630588332438123
m2,159,0.3309814130153662,0.09338787672599397,0.32947931564585536,0.33248351038487706
qsampled,160,0.3151911077065845,0.09955383798100821,0.31364506890699423,0.3167371465061746
runif,160,0.41377400161380046,0.10500502641382896,0.41218619930422096,0.41536180392337996
m2,160,0.33011243627323666,0.09309058315362621,0.3286174257125321,0.3316074468339412
qsampled,161,0.31450993504492886,0.09915002897480299,0.31297183409386414,0.31604803599599346
runif,161,0.41317423024520405,0.10471299142690904,0.41159356937874114,0.41475489111166675
m2,161,0.3292740603859833,0.09266681566354622,0.3277870961000431,0.3307610246719235
qsampled,162,0.31453153518605825,0.09913279433220316,0.3129983221518654,0.3160647482202511
runif,162,0.41339826186749423,0.10476832039691651,0.4118220709547408,0.41497445278024764
m2,162,0.32939214883429585,0.0928254693595174,0.3279085126885076,0.3308757849800842
qsampled,163,0.3144297949231396,0.09887680010101614,0.3129032671318258,0.3159563227144535
runif,163,0.41296587771712107,0.10455765961829322,0.4113961098297087,0.41453564560453365
m2,163,0.3290041707956186,0.09253424474259289,0.3275274147548529,0.3304809268363842
qsampled,164,0.314100080467387,0.09872829513968595,0.31257935719914437,0.3156208037356298
runif,164,0.41246072285769403,0.10435149791985555,0.41089729186836016,0.4140241538470278
m2,164,0.3287780680299505,0.09235651969782689,0.3273072357532527,0.33024890030664844
qsampled,165,0.3138811389020385,0.09859749570826282,0.3123660355922778,0.3153962422117993
runif,165,0.4118805392026867,0.10406997792421939,0.4103239570883502,0.4134371213170232
m2,165,0.32854172202452414,0.09218376899475195,0.327076725700306,0.33000671834874196
qsampled,166,0.31334509322011783,0.09837949830331591,0.3118362312402469,0.31485395519998877
runif,166,0.41122469698927455,0.10391744931194952,0.40967394819284253,0.4127754457857066
m2,166,0.3282820799804656,0.09201626608749906,0.3268228306030661,0.329741329357865
qsampled,167,0.3131942648859734,0.09832001800603121,0.31169038213615785,0.3146981476357893
runif,167,0.4114564738202188,0.10391231783636427,0.40991041319707633,0.4130025344433613
m2,167,0.32834342837297187,0.0919190602424066,0.32688932329557197,0.32979753345037177
qsampled,168,0.31295563237326923,0.09814211923987513,0.3114575893202798,0.3144536754262587
runif,168,0.411119127878707,0.10383807734283036,0.4095782263069008,0.4126600294505133
m2,168,0.32806682851254765,0.09177550964999263,0.32661819015124405,0.32951546687385125
qsampled,169,0.31263934221035783,0.09812501449138887,0.3111458680393439,0.31413281638137186
runif,169,0.4111656790339212,0.10390162253455941,0.4096288731525148,0.4127024849153276
m2,169,0.3281095539908587,0.09186375097495168,0.3266645137663599,0.32955459421535754
qsampled,170,0.31223943444812996,0.09789893204025285,0.31075207581172637,0.3137267930845338
runif,170,0.410773903497976,0.10373560806594931,0.40924284899566726,0.41230495800028494
m2,170,0.3279333265445841,0.09170024068336693,0.32649382558001355,0.3293728275091547
qsampled,171,0.3118208003798698,0.09779422173428001,0.3103385904880993,0.3133030102716404
runif,171,0.4104825915603758,0.10357285045069971,0.4089572184923584,0.41200796462839323
m2,171,0.3276192573276682,0.0914401680518981,0.3261860084260183,0.32905250622931814
qsampled,172,0.31146030234107946,0.09766792476824422,0.3099833621674101,0.3129372425147489
runif,172,0.4103374813763348,0.10345781316481345,0.4088173939353436,0.4118575688173261
m2,172,0.32760776073882497,0.09132376051235455,0.32617959432037175,0.3290359271572782
qsampled,173,0.31105096560289314,0.09752831055654623,0.3095793532369823,0.31252257796880395
runif,173,0.4097806202725432,0.10337117157098744,0.40826556737212255,0.4112956731729636
m2,173,0.32705047235701684,0.09104539067423904,0.3256286116265802,0.3284723330874536
qsampled,174,0.3105747490953944,0.09720603643605859,0.3091097980719579,0.3120397001188309
runif,174,0.408896876699919,0.1031107726408324,0.4073880877021236,0.41040566569771425
m2,174,0.32622493052172663,0.09074080427827774,0.3248095350557743,0.3276403259876787
qsampled,175,0.31038302919840904,0.09718422269626077,0.3089224337156266,0.31184362468119137
runif,175,0.4090074802701212,0.10306357721706874,0.40750335268346916,0.4105116078567729
m2,175,0.3262894714338585,0.09077337497526301,0.3248778725317693,0.3277010703359476
qsampled,176,0.3100105254997531,0.09707016777187663,0.30855494029040925,0.3114661107090973
runif,176,0.4084435746533081,0.10299415264939404,0.40694423154324477,0.40994291776337166
m2,176,0.3256859429152934,0.09066680991649193,0.324279186476701,0.3270926993538856
qsampled,177,0.3094475972147853,0.09678255846259647,0.3079982815810673,0.3108969128485031
runif,177,0.4078371866420585,0.10276177440139411,0.4063437726190036,0.409330600665113
m2,177,0.3251389526597394,0.09033644265065939,0.32373873380966645,0.3265391715098125
qsampled,178,0.30943107382978186,0.09687156683397025,0.3079851706756063,0.3108769769839574
runif,178,0.40806975150572183,0.1028146985440476,0.4065801549952731,0.4095593480161702
m2,178,0.3256007274246452,0.09041388288823946,0.3242038490198626,0.32699760582942766
qsampled,179,0.30904995536132157,0.09663707187437505,0.3076098429499415,0.31049006777270177
runif,179,0.4077277286278759,0.1027407047646564,0.4062428334994893,0.4092126237562622
m2,179,0.32523764755108164,0.09020269537631413,0.3238463043514528,0.3266289907507103
qsampled,180,0.3088917555631907,0.09669282392980916,0.3074552348884926,0.31032827623788894
runif,180,0.4078443359145478,0.10279595876417873,0.4063631731707738,0.4093254986583215
m2,180,0.3255074417388819,0.09027947311994361,0.3241193784549801,0.3268955050227837
qsampled,181,0.30869304641858863,0.09677565297065929,0.3072598861394803,0.31012620669769697
runif,181,0.4079745767003813,0.10282049445569548,0.40649733502333363,0.40945181837742906
m2,181,0.3257076313011188,0.09038307289086099,0.32432261380670696,0.3270926487955305
qsampled,182,0.30841222379091865,0.09663181344634883,0.3069840687728648,0.30984037880897236
runif,182,0.4075293355040455,0.1026382131500533,0.4060574642394872,0.40900120676860374
m2,182,0.32540246881745805,0.09018193167090316,0.32402279935409095,0.32678213828082514
qsampled,183,0.30810727197939886,0.0966195593498198,0.30668311473017007,0.30953142922862764
runif,183,0.40763279028169813,0.10276152406850587,0.4061640646064703,0.40910151595692595
m2,183,0.32541791922498275,0.0902190920409594,0.32404174111773926,0.32679409733222625
qsampled,184,0.3076634927781163,0.09653719938079065,0.3062438163088659,0.3090831692473667
runif,184,0.40760943114147574,0.10273198061908963,0.406144912625215,0.4090739496577367
m2,184,0.32503737408570355,0.09016410168546636,0.32366535906371996,0.32640938910768724
qsampled,185,0.3072560203378083,0.09632583788680658,0.30584173686616867,0.30867030380944793
runif,185,0.40716010569764816,0.10266655919828185,0.40570001588164983,0.4086201955136466
m2,185,0.3245341730499141,0.09000886450524567,0.3231670496724364,0.3259012964273918
qsampled,186,0.30698616777853327,0.09616439731542603,0.3055768737812829,0.30839546177578375
runif,186,0.4068339087923229,0.1025436820508423,0.40537862095783744,0.40828919662680835
m2,186,0.32441463503585355,0.08987311014464273,0.3230522203053421,0.3257770497663651
qsampled,187,0.306691169806462,0.09589933976913989,0.3052875874272542,0.30809475218567
runif,187,0.40660294074817455,0.10229658805119932,0.40515329904880515,0.40805258244754394
m2,187,0.3237922880092897,0.0895796930273086,0.3224357408892567,0.32514883512932263
qsampled,188,0.3061807031160368,0.09577810341491498,0.3047817438186114,0.3075796624134622
runif,188,0.40636649499787164,0.10223551939839477,0.404921145531958,0.40781184446378516
m2,188,0.323453228037876,0.08947652077251488,0.3221010729498076,0.3248053831259444
qsampled,189,0.3059524029178189,0.09580690543752436,0.3045569397550303,0.3073478660806076
runif,189,0.40633154353845485,0.10225853724698356,0.40488986060199655,0.40777322647491304
m2,189,0.32349788645999206,0.08954492865569558,0.3221487978751051,0.32484697504487936
qsampled,190,0.305752319655935,0.09574186407078199,0.304361006164097,0.30714363314777304
runif,190,0.40642251705350996,0.10220792009975303,0.40498498898764645,0.40786004511937335
m2,190,0.3236557109444374,0.08955546376736453,0.3223100981718937,0.3250013237169813
qsampled,191,0.3053529103447664,0.09554847701552673,0.3039666460290479,0.30673917466048495
runif,191,0.4060352246144541,0.10211169137780463,0.40460213979860504,0.4074683094303032
m2,191,0.32332013465809384,0.08946038191718432,0.32197876174103524,0.32466150757515255
qsampled,192,0.3050830035799037,0.09538639725748996,0.3037015272842749,0.3064644798755327
runif,192,0.4057906876704676,0.10193639289542612,0.40436256719674546,0.40721880814418965
m2,192,0.3231136934934287,0.08929216243476212,0.3217770767879142,0.32445031019894327
qsampled,193,0.30522452819766094,0.09539630139955922,0.3038465640164875,0.30660249237883447
runif,193,0.40586203373752955,0.10188187282454679,0.40443799888033843,0.40728606859472044
m2,193,0.3234741922547171,0.08921032993331367,0.3221416538550397,0.32480673065439447
qsampled,194,0.30543123401402905,0.09549619163343229,0.30405610653120035,0.30680636149685786
runif,194,0.406207769089468,0.10195622391038182,0.4047868910342526,0.4076286471446834
m2,194,0.3237504352415406,0.08929289263817883,0.3224207208115985,0.32508014967148285
qsampled,195,0.30488325971905494,0.0952486150423286,0.30351344188598406,0.30625307755212583
runif,195,0.40577413766831033,0.10184571101399188,0.40435767591215277,0.40719059942446756
m2,195,0.32319640073129663,0.08919746866279363,0.3218708091237,0.3245219923388933
qsampled,196,0.3049017442883565,0.0950821834784892,0.3035366196330439,0.30626686894366917
runif,196,0.4055782185085584,0.10164264398250042,0.4041667840563154,0.4069896529608014
m2,196,0.3230261760410051,0.0889536823398259,0.3217057785125732,0.32434657356943686
qsampled,197,0.304398358491999,0.09484781428946824,0.30303838228651364,0.3057583346974843
runif,197,0.40504193584423687,0.10151063524591793,0.40363500283520126,0.40644886885327236
m2,197,0.3226820061929482,0.08879355441789007,0.3213661501875943,0.32399786219830207
qsampled,198,0.30403814847133603,0.09466662807780003,0.3026829072434785,0.30539338969919355
runif,198,0.4045398654813775,0.10130639413514238,0.4031379023928833,0.4059418285698716
m2,198,0.3220489752245088,0.08845673358358515,0.3207389381097377,0.32335901233928005
qsampled,199,0.30373058212536236,0.09458017858394498,0.3023793677431877,0.3050817965075369
runif,199,0.40458653995184046,0.10127384275795086,0.40318832855113546,0.40598475135254536
m2,199,0.3219190302725639,0.08841572913951044,0.3206125918015029,0.3232254687436249
qsampled,200,0.3036142866090432,0.0944453061137128,0.3022674158921553,0.30496115732593115
runif,200,0.4043096431364144,0.10107210845362552,0.40291632149008594,0.40570296478274315
m2,200,0.3215201336921843,0.08818431486931973,0.320218671986165,0.3228215953982038
qsampled,201,0.30352810878626113,0.0943666459610441,0.3021851523121223,0.30487106526039986
runif,201,0.40428876888652626,0.10098751523875804,0.4028994993240181,0.40567803844903433
m2,201,0.32145395150406086,0.08808499039668356,0.32015646265772285,0.322751440350399
qsampled,202,0.303253958913353,0.09437543019067393,0.30191426840412355,0.30459364942258244
runif,202,0.404431056799463,0.10103787106997857,0.40304488486361156,0.40581722873531423
m2,202,0.32163719809600144,0.08813832157128676,0.32034253312849825,0.32293186306350463
qsampled,203,0.30301128923111753,0.0942845604638244,0.30167554609272845,0.3043470323695066
runif,203,0.4042151371099919,0.10095407496948929,0.40283295716120454,0.40559731705877905
m2,203,0.32140282209133525,0.0880066260371097,0.32011231514283134,0.32269332903983916
qsampled,204,0.3028487385193282,0.09428096688719735,0.3015162987152338,0.3041811783234226
runif,204,0.40414945397096985,0.1009823238997394,0.4027704730277525,0.4055284349141872
m2,204,0.32124235016145514,0.08801845769259675,0.3199549236111537,0.3225297767117566
qsampled,205,0.30279171660961585,0.09412308053400797,0.3014636440881204,0.3041197891311113
runif,205,0.40387903123951896,0.10075458219489712,0.4025049698766128,0.40525309260242504
m2,205,0.3209266027071539,0.08778865844634777,0.319643997700497,0.3222092077138109
qsampled,206,0.30259676805123276,0.0939562357844583,0.30127309771256094,0.30392043838990457
runif,206,0.403501498539747,0.10059657087278533,0.40213185163314674,0.404871145446347
m2,206,0.32055274489647106,0.08760467687561967,0.31927459826843035,0.3218308915245118
qsampled,207,0.3023720035112468,0.09391962244106183,0.30105179166083557,0.3036922153616581
runif,207,0.403489590402419,0.100506724350235,0.4021238661639918,0.40485531464084606
m2,207,0.32055169529721433,0.08760117798395574,0.3192766652165599,0.32182672537786866
qsampled,208,0.30204826425032916,0.09374031632102696,0.30073248765176386,0.30336404084889457
runif,208,0.4030996752064948,0.10034327430056914,0.40173834624201404,0.4044610041709756
m2,208,0.3199215069929351,0.0873232212507703,0.3186515651738388,0.32119144881203116
qsampled,209,0.30184458938815173,0.09365262531518855,0.3005325784939435,0.30315660028235997
runif,209,0.40301261293739205,0.10027729400912809,0.4016549912529962,0.40437023462178756
m2,209,0.3198350327741641,0.08720431723040575,0.3185689956051203,0.321101069943208
qsampled,210,0.3014085851028106,0.09353172926009821,0.30010054689860466,0.30271662330701654
runif,210,0.4026553071739482,0.10027691182227982,0.4013009243977955,0.40400968995010056
m2,210,0.31936816150634667,0.08717919277259703,0.31810532430094784,0.3206309987117455
qsampled,211,0.3010776649241786,0.09336023908252186,0.299773926899644,0.3023814029487131
runif,211,0.40205075562953196,0.10011701778945863,0.4007006638062967,0.40340084745276755
m2,211,0.31884681476147303,0.08700996728169058,0.31758819699667046,0.3201054325262758
qsampled,212,,,,
runif,212,,,,
m2,212,,,,
qsampled,213,,,,
runif,213,,,,
m2,213,,,,
qsampled,214,,,,
runif,214,,,,
m2,214,,,,
qsampled,215,,,,
runif,215,,,,
m2,215,,,,
qsampled,216,,,,
runif,216,,,,
m2,216,,,,
qsampled,217,,,,
runif,217,,,,
m2,217,,,,
qsampled,218,,,,
runif,218,,,,
m2,218,,,,
qsampled,219,,,,
runif,219,,,,
m2,219,,,,
qsampled,220,,,,
runif,220,,,,
m2,220,,,,
qsampled,221,,,,
runif,221,,,,
m2,221,,,,
qsampled,222,,,,
runif,222,,,,
m2,222,,,,
qsampled,223,,,,
runif,223,,,,
m2,223,,,,
qsampled,224,,,,
runif,224,,,,
m2,224,,,,
qsampled,225,,,,
runif,225,,,,
m2,225,,,,
qsampled,226,,,,
runif,226,,,,
m2,226,,,,
qsampled,227,,,,
runif,227,,,,
m2,227,,,,
qsampled,228,,,,
runif,228,,,,
m2,228,,,,
qsampled,229,,,,
runif,229,,,,
m2,229,,,,
qsampled,230,,,,
runif,230,,,,
m2,230,,,,
qsampled,231,,,,
runif,231,,,,
m2,231,,,,
qsampled,232,,,,
runif,232,,,,
m2,232,,,,
qsampled,233,,,,
runif,233,,,,
m2,233,,,,
qsampled,234,,,,
runif,234,,,,
m2,234,,,,
qsampled,235,,,,
runif,235,,,,
m2,235,,,,
qsampled,236,,,,
runif,236,,,,
m2,236,,,,
qsampled,237,,,,
runif,237,,,,
m2,237,,,,
qsampled,238,,,,
runif,238,,,,
m2,238,,,,
qsampled,239,,,,
runif,239,,,,
m2,239,,,,
qsampled,240,,,,
runif,240,,,,
m2,240,,,,
qsampled,241,,,,
runif,241,,,,
m2,241,,,,
qsampled,242,,,,
runif,242,,,,
m2,242,,,,
qsampled,243,,,,
runif,243,,,,
m2,243,,,,
qsampled,244,,,,
runif,244,,,,
m2,244,,,,
qsampled,245,,,,
runif,245,,,,
m2,245,,,,
qsampled,246,,,,
runif,246,,,,
m2,246,,,,
qsampled,247,,,,
runif,247,,,,
m2,247,,,,
qsampled,248,,,,
runif,248,,,,
m2,248,,,,
qsampled,249,,,,
runif,249,,,,
m2,249,,,,
qsampled,250,,,,
runif,250,,,,
m2,250,,,,
qsampled,251,,,,
runif,251,,,,
m2,251,,,,
qsampled,252,,,,
runif,252,,,,
m2,252,,,,
qsampled,253,,,,
runif,253,,,,
m2,253,,,,
qsampled,254,,,,
runif,254,,,,
m2,254,,,,
qsampled,255,,,,
runif,255,,,,
m2,255,,,,
qsampled,256,,,,
runif,256,,,,
m2,256,,,,
qsampled,257,,,,
runif,257,,,,
m2,257,,,,
qsampled,258,,,,
runif,258,,,,
m2,258,,,,
qsampled,259,,,,
runif,259,,,,
m2,259,,,,
qsampled,260,,,,
runif,260,,,,
m2,260,,,,
qsampled,261,,,,
runif,261,,,,
m2,261,,,,
qsampled,262,,,,
runif,262,,,,
m2,262,,,,
qsampled,263,,,,
runif,263,,,,
m2,263,,,,
qsampled,264,,,,
runif,264,,,,
m2,264,,,,
qsampled,265,,,,
runif,265,,,,
m2,265,,,,
qsampled,266,,,,
runif,266,,,,
m2,266,,,,
qsampled,267,,,,
runif,267,,,,
m2,267,,,,
qsampled,268,,,,
runif,268,,,,
m2,268,,,,
qsampled,269,,,,
runif,269,,,,
m2,269,,,,
qsampled,270,,,,
runif,270,,,,
m2,270,,,,
qsampled,271,,,,
runif,271,,,,
m2,271,,,,
qsampled,272,,,,
runif,272,,,,
m2,272,,,,
qsampled,273,,,,
runif,273,,,,
m2,273,,,,
qsampled,274,,,,
runif,274,,,,
m2,274,,,,
qsampled,275,,,,
runif,275,,,,
m2,275,,,,
qsampled,276,,,,
runif,276,,,,
m2,276,,,,
qsampled,277,,,,
runif,277,,,,
m2,277,,,,
qsampled,278,,,,
runif,278,,,,
m2,278,,,,
qsampled,279,,,,
runif,279,,,,
m2,279,,,,
qsampled,280,,,,
runif,280,,,,
m2,280,,,,
qsampled,281,,,,
runif,281,,,,
m2,281,,,,
qsampled,282,,,,
runif,282,,,,
m2,282,,,,
qsampled,283,,,,
runif,283,,,,
m2,283,,,,
qsampled,284,,,,
runif,284,,,,
m2,284,,,,
qsampled,285,,,,
runif,285,,,,
m2,285,,,,
qsampled,286,,,,
runif,286,,,,
m2,286,,,,
qsampled,287,,,,
runif,287,,,,
m2,287,,,,
qsampled,288,,,,
runif,288,,,,
m2,288,,,,
qsampled,289,,,,
runif,289,,,,
m2,289,,,,
qsampled,290,,,,
runif,290,,,,
m2,290,,,,
qsampled,291,,,,
runif,291,,,,
m2,291,,,,
qsampled,292,,,,
runif,292,,,,
m2,292,,,,
qsampled,293,,,,
runif,293,,,,
m2,293,,,,
qsampled,294,,,,
runif,294,,,,
m2,294,,,,
qsampled,295,,,,
runif,295,,,,
m2,295,,,,
qsampled,296,,,,
runif,296,,,,
m2,296,,,,
qsampled,297,,,,
runif,297,,,,
m2,297,,,,
qsampled,298,,,,
runif,298,,,,
m2,298,,,,
qsampled,299,,,,
runif,299,,,,
m2,299,,,,
qsampled,300,,,,
runif,300,,,,
m2,300,,,,
qsampled,301,,,,
runif,301,,,,
m2,301,,,,
qsampled,302,,,,
runif,302,,,,
m2,302,,,,
qsampled,303,,,,
runif,303,,,,
m2,303,,,,
qsampled,304,,,,
runif,304,,,,
m2,304,,,,
qsampled,305,,,,
runif,305,,,,
m2,305,,,,
qsampled,306,,,,
runif,306,,,,
m2,306,,,,
qsampled,307,,,,
runif,307,,,,
m2,307,,,,
qsampled,308,,,,
runif,308,,,,
m2,308,,,,
qsampled,309,,,,
runif,309,,,,
m2,309,,,,
qsampled,310,,,,
runif,310,,,,
m2,310,,,,
qsampled,311,,,,
runif,311,,,,
m2,311,,,,
qsampled,312,,,,
runif,312,,,,
m2,312,,,,
qsampled,313,,,,
runif,313,,,,
m2,313,,,,
qsampled,314,,,,
runif,314,,,,
m2,314,,,,
qsampled,315,,,,
runif,315,,,,
m2,315,,,,
qsampled,316,,,,
runif,316,,,,
m2,316,,,,
qsampled,317,,,,
runif,317,,,,
m2,317,,,,
qsampled,318,,,,
runif,318,,,,
m2,318,,,,
qsampled,319,,,,
runif,319,,,,
m2,319,,,,
qsampled,320,,,,
runif,320,,,,
m2,320,,,,
qsampled,321,,,,
runif,321,,,,
m2,321,,,,
qsampled,322,,,,
runif,322,,,,
m2,322,,,,
qsampled,323,,,,
runif,323,,,,
m2,323,,,,
qsampled,324,,,,
runif,324,,,,
m2,324,,,,
qsampled,325,,,,
runif,325,,,,
m2,325,,,,
qsampled,326,,,,
runif,326,,,,
m2,326,,,,
qsampled,327,,,,
runif,327,,,,
m2,327,,,,
qsampled,328,,,,
runif,328,,,,
m2,328,,,,
qsampled,329,,,,
runif,329,,,,
m2,329,,,,
qsampled,330,,,,
runif,330,,,,
m2,330,,,,
qsampled,331,,,,
runif,331,,,,
m2,331,,,,
qsampled,332,,,,
runif,332,,,,
m2,332,,,,
qsampled,333,,,,
runif,333,,,,
m2,333,,,,
qsampled,334,,,,
runif,334,,,,
m2,334,,,,
qsampled,335,,,,
runif,335,,,,
m2,335,,,,
qsampled,336,,,,
runif,336,,,,
m2,336,,,,
qsampled,337,,,,
runif,337,,,,
m2,337,,,,
qsampled,338,,,,
runif,338,,,,
m2,338,,,,
qsampled,339,,,,
runif,339,,,,
m2,339,,,,
qsampled,340,,,,
runif,340,,,,
m2,340,,,,
qsampled,341,,,,
runif,341,,,,
m2,341,,,,
qsampled,342,,,,
runif,342,,,,
m2,342,,,,
qsampled,343,,,,
runif,343,,,,
m2,343,,,,
qsampled,344,,,,
runif,344,,,,
m2,344,,,,
